"operation","input","family","mode","requestedDigits","wallTimeMs","cumulativeWallTimeMs","extractionMs","workingDigits","termCount","blockCount","largeMultiplications","largeDivisions","checkpointCount","peakBigIntDigits","retainedBigIntDigits","rssBytes","peakRSSBytes","termCountDelta","blockCountDelta","largeMultiplicationsDelta","largeDivisionsDelta","checkpointCountDelta"
"sin-tenth","{""name"":""tenth"",""numerator"":""1"",""denominator"":""10"",""mode"":""sin""}","legacy","sequential","100","2.914900000000017","2.914900000000017","2.283999999999992",,,,,,"24",,,"31244288","31252480",,,,,"24"
"sin-tenth","{""name"":""tenth"",""numerator"":""1"",""denominator"":""10"",""mode"":""sin""}","legacy","sequential","300","4.236400000000003","7.15130000000002","1.884699999999981",,,,,,"83",,,"32411648","32411648",,,,,"59"
"sin-tenth","{""name"":""tenth"",""numerator"":""1"",""denominator"":""10"",""mode"":""sin""}","legacy","sequential","1000","46.992999999999995","54.144300000000015","8.91500000000002",,,,,,"247",,,"33918976","34152448",,,,,"164"
"sin-tenth","{""name"":""tenth"",""numerator"":""1"",""denominator"":""10"",""mode"":""sin""}","legacy","direct","1000","45.709","45.709","7.607500000000016",,,,,,"164",,,"34955264","34955264",,,,,"164"
"sin-tenth","{""name"":""tenth"",""numerator"":""1"",""denominator"":""10"",""mode"":""sin""}","sequential","sequential","100","2.8740999999999985","2.8740999999999985","0.7726999999999862","134","29","29","149","198","89","268","538","35516416","35942400","29","29","149","198","89"
"sin-tenth","{""name"":""tenth"",""numerator"":""1"",""denominator"":""10"",""mode"":""sin""}","sequential","sequential","300","3.932199999999966","6.806299999999965","2.2035999999999945","334","91","91","464","668","277","668","1338","34902016","36048896","62","62","315","470","188"
"sin-tenth","{""name"":""tenth"",""numerator"":""1"",""denominator"":""10"",""mode"":""sin""}","sequential","sequential","1000","25.67040000000003","32.476699999999994","7.6877999999999815","1036","258","258","1303","1982","780","2072","4146","34443264","36048896","167","167","839","1314","503"
"sin-tenth","{""name"":""tenth"",""numerator"":""1"",""denominator"":""10"",""mode"":""sin""}","sequential","direct","1000","25.120000000000005","25.120000000000005","7.8612999999999715","1036","167","167","839","1314","503","2072","4146","34533376","36048896","167","167","839","1314","503"
"sin-tenth","{""name"":""tenth"",""numerator"":""1"",""denominator"":""10"",""mode"":""sin""}","rectangular","sequential","100","0.3972999999999729","0.3972999999999729","0.6617999999999711","134","32","2","43","110","83","267","537","34353152","36048896","32","2","43","110","83"
"sin-tenth","{""name"":""tenth"",""numerator"":""1"",""denominator"":""10"",""mode"":""sin""}","rectangular","sequential","300","1.0194000000000187","1.4166999999999916","1.8747999999999934","334","96","6","94","296","232","667","1337","34426880","36048896","64","4","51","186","149"
"sin-tenth","{""name"":""tenth"",""numerator"":""1"",""denominator"":""10"",""mode"":""sin""}","rectangular","sequential","1000","8.343400000000031","9.760100000000023","7.349199999999996","1036","272","17","173","748","612","2071","4145","34447360","36048896","176","11","79","452","380"
"sin-tenth","{""name"":""tenth"",""numerator"":""1"",""denominator"":""10"",""mode"":""sin""}","rectangular","direct","1000","7.236100000000022","7.236100000000022","7.012399999999957","1036","176","11","79","452","380","2071","4145","34553856","36048896","176","11","79","452","380"
"sin-tenth","{""name"":""tenth"",""numerator"":""1"",""denominator"":""10"",""mode"":""sin""}","binary","sequential","100","0.9943000000000097","0.9943000000000097","0.589300000000037","134","32","2","167","50","173","527","797","34512896","36048896","32","2","167","50","173"
"sin-tenth","{""name"":""tenth"",""numerator"":""1"",""denominator"":""10"",""mode"":""sin""}","binary","sequential","300","1.2597999999999843","2.254099999999994","1.6111000000000217","334","96","6","468","116","502","822","1492","34516992","36048896","64","4","301","66","329"
"sin-tenth","{""name"":""tenth"",""numerator"":""1"",""denominator"":""10"",""mode"":""sin""}","binary","sequential","1000","9.210999999999956","11.46509999999995","6.309499999999957","1036","272","17","1247","238","1377","2071","4145","34549760","36048896","176","11","779","122","875"
"sin-tenth","{""name"":""tenth"",""numerator"":""1"",""denominator"":""10"",""mode"":""sin""}","binary","direct","1000","8.545500000000004","8.545500000000004","6.339800000000025","1036","176","11","779","122","875","2071","4145","34525184","36048896","176","11","779","122","875"
"sin-tenth","{""name"":""tenth"",""numerator"":""1"",""denominator"":""10"",""mode"":""sin""}","router","sequential","100","0.8550000000000182","0.8550000000000182","0.5918000000000347","134","29","29","149","198","89","268","538","34648064","36048896","29","29","149","198","89"
"sin-tenth","{""name"":""tenth"",""numerator"":""1"",""denominator"":""10"",""mode"":""sin""}","router","sequential","300","1.037300000000016","1.8923000000000343","1.6196999999999662","334","93","33","200","384","238","667","1875","34652160","36048896","64","4","51","186","149"
"sin-tenth","{""name"":""tenth"",""numerator"":""1"",""denominator"":""10"",""mode"":""sin""}","router","sequential","1000","7.892700000000048","9.785000000000082","7.1264000000000465","1036","269","44","279","836","618","2071","4683","34652160","36048896","176","11","79","452","380"
"sin-tenth","{""name"":""tenth"",""numerator"":""1"",""denominator"":""10"",""mode"":""sin""}","router","direct","1000","7.695499999999981","7.695499999999981","6.555900000000008","1036","176","11","79","452","380","2071","4145","34676736","36048896","176","11","79","452","380"
"cos-tenth","{""name"":""tenth"",""numerator"":""1"",""denominator"":""10"",""mode"":""cos""}","legacy","sequential","100","0.48860000000001946","0.48860000000001946","0.6170999999999935",,,,,,"25",,,"34684928","36048896",,,,,"25"
"cos-tenth","{""name"":""tenth"",""numerator"":""1"",""denominator"":""10"",""mode"":""cos""}","legacy","sequential","300","2.4605000000000246","2.949100000000044","2.502999999999986",,,,,,"84",,,"34754560","36048896",,,,,"59"
"cos-tenth","{""name"":""tenth"",""numerator"":""1"",""denominator"":""10"",""mode"":""cos""}","legacy","sequential","1000","35.37900000000002","38.32810000000006","6.140800000000013",,,,,,"248",,,"34766848","36048896",,,,,"164"
"cos-tenth","{""name"":""tenth"",""numerator"":""1"",""denominator"":""10"",""mode"":""cos""}","legacy","direct","1000","38.573199999999986","38.573199999999986","8.796799999999962",,,,,,"164",,,"34185216","36048896",,,,,"164"
"cos-tenth","{""name"":""tenth"",""numerator"":""1"",""denominator"":""10"",""mode"":""cos""}","sequential","sequential","100","0.48500000000001364","0.48500000000001364","0.5705999999998994","134","29","29","149","198","89","269","541","34213888","36048896","29","29","149","198","89"
"cos-tenth","{""name"":""tenth"",""numerator"":""1"",""denominator"":""10"",""mode"":""cos""}","sequential","sequential","300","2.143599999999992","2.628600000000006","1.7212000000000671","334","92","92","468","674","280","669","1341","34217984","36048896","63","63","319","476","191"
"cos-tenth","{""name"":""tenth"",""numerator"":""1"",""denominator"":""10"",""mode"":""cos""}","sequential","sequential","1000","31.392400000000066","34.02100000000007","9.815499999999929","1036","260","260","1313","1994","786","2073","4149","34238464","36048896","168","168","845","1320","506"
"cos-tenth","{""name"":""tenth"",""numerator"":""1"",""denominator"":""10"",""mode"":""cos""}","sequential","direct","1000","25.136300000000006","25.136300000000006","6.606800000000021","1036","168","168","845","1320","506","2073","4149","34254848","36048896","168","168","845","1320","506"
"cos-tenth","{""name"":""tenth"",""numerator"":""1"",""denominator"":""10"",""mode"":""cos""}","rectangular","sequential","100","0.38609999999994216","0.38609999999994216","0.5848000000000866","138","32","2","53","84","89","276","556","34263040","36048896","32","2","53","84","89"
"cos-tenth","{""name"":""tenth"",""numerator"":""1"",""denominator"":""10"",""mode"":""cos""}","rectangular","sequential","300","1.456299999999942","1.8423999999998841","1.695699999999988","340","80","5","118","248","214","680","1364","34263040","36048896","48","3","65","164","125"
"cos-tenth","{""name"":""tenth"",""numerator"":""1"",""denominator"":""10"",""mode"":""cos""}","rectangular","sequential","1000","6.7975999999999885","8.639999999999873","6.148299999999949","1047","160","10","205","504","412","2094","4192","34271232","36048896","80","5","87","256","198"
"cos-tenth","{""name"":""tenth"",""numerator"":""1"",""denominator"":""10"",""mode"":""cos""}","rectangular","direct","1000","6.659899999999993","6.659899999999993","5.830100000000016","1047","80","5","87","256","198","2094","4192","34304000","36048896","80","5","87","256","198"
"cos-tenth","{""name"":""tenth"",""numerator"":""1"",""denominator"":""10"",""mode"":""cos""}","binary","sequential","100","0.5630000000001019","0.5630000000001019","0.6802000000000135","138","32","2","137","60","179","529","809","34316288","36048896","32","2","137","60","179"
"cos-tenth","{""name"":""tenth"",""numerator"":""1"",""denominator"":""10"",""mode"":""cos""}","binary","sequential","300","1.574799999999982","2.137800000000084","1.6943999999999733","340","80","5","389","134","439","790","1474","34324480","36048896","48","3","252","74","260"
"cos-tenth","{""name"":""tenth"",""numerator"":""1"",""denominator"":""10"",""mode"":""cos""}","binary","sequential","1000","6.823800000000006","8.96160000000009","6.899200000000064","1047","160","10","789","240","862","2094","4192","34340864","36048896","80","5","400","106","423"
"cos-tenth","{""name"":""tenth"",""numerator"":""1"",""denominator"":""10"",""mode"":""cos""}","binary","direct","1000","7.061500000000024","7.061500000000024","5.645999999999958","1047","80","5","400","106","423","2094","4192","34365440","36048896","80","5","400","106","423"
"cos-tenth","{""name"":""tenth"",""numerator"":""1"",""denominator"":""10"",""mode"":""cos""}","router","sequential","100","1.641300000000001","1.641300000000001","1.780399999999986","134","29","29","149","198","89","269","541","34689024","36048896","29","29","149","198","89"
"cos-tenth","{""name"":""tenth"",""numerator"":""1"",""denominator"":""10"",""mode"":""cos""}","router","sequential","300","1.3214000000000397","2.9627000000000407","2.0066000000000486","340","77","32","214","362","214","680","1905","35434496","36048896","48","3","65","164","125"
"cos-tenth","{""name"":""tenth"",""numerator"":""1"",""denominator"":""10"",""mode"":""cos""}","router","sequential","1000","7.121499999999969","10.08420000000001","7.271100000000047","1047","157","37","301","618","412","2094","4733","34455552","36192256","80","5","87","256","198"
"cos-tenth","{""name"":""tenth"",""numerator"":""1"",""denominator"":""10"",""mode"":""cos""}","router","direct","1000","6.704200000000014","6.704200000000014","6.106400000000008","1047","80","5","87","256","198","2094","4192","34467840","36192256","80","5","87","256","198"
"cos-tenth","{""name"":""tenth"",""numerator"":""1"",""denominator"":""10"",""mode"":""cos""}","rectangular:0","sequential","100","0.47929999999996653","0.47929999999996653","0.8380000000000791","134","32","2","43","110","83","268","540","34476032","36192256","32","2","43","110","83"
"cos-tenth","{""name"":""tenth"",""numerator"":""1"",""denominator"":""10"",""mode"":""cos""}","rectangular:0","sequential","300","1.0769000000000233","1.5561999999999898","1.8589999999999236","334","96","6","94","296","232","668","1340","34476032","36192256","64","4","51","186","149"
"cos-tenth","{""name"":""tenth"",""numerator"":""1"",""denominator"":""10"",""mode"":""cos""}","rectangular:0","sequential","1000","7.0149000000000115","8.571100000000001","6.7820999999999","1036","272","17","173","748","612","2072","4148","34484224","36192256","176","11","79","452","380"
"cos-tenth","{""name"":""tenth"",""numerator"":""1"",""denominator"":""10"",""mode"":""cos""}","rectangular:0","direct","1000","7.541600000000017","7.541600000000017","6.720200000000091","1036","176","11","79","452","380","2072","4148","34492416","36192256","176","11","79","452","380"
"cos-tenth","{""name"":""tenth"",""numerator"":""1"",""denominator"":""10"",""mode"":""cos""}","binary:0","sequential","100","0.5437999999999192","0.5437999999999192","0.5681999999999334","134","32","2","167","50","173","525","797","34672640","36192256","32","2","167","50","173"
"cos-tenth","{""name"":""tenth"",""numerator"":""1"",""denominator"":""10"",""mode"":""cos""}","binary:0","sequential","300","1.6544999999999845","2.1982999999999038","1.987700000000018","334","96","6","468","116","502","821","1493","35016704","36192256","64","4","301","66","329"
"cos-tenth","{""name"":""tenth"",""numerator"":""1"",""denominator"":""10"",""mode"":""cos""}","binary:0","sequential","1000","9.917500000000018","12.115799999999922","6.342099999999959","1036","272","17","1247","238","1377","2072","4148","36286464","37654528","176","11","779","122","875"
"cos-tenth","{""name"":""tenth"",""numerator"":""1"",""denominator"":""10"",""mode"":""cos""}","binary:0","direct","1000","7.559599999999932","7.559599999999932","6.449200000000019","1036","176","11","779","122","875","2072","4148","38821888","38821888","176","11","779","122","875"
"cos-tenth","{""name"":""tenth"",""numerator"":""1"",""denominator"":""10"",""mode"":""cos""}","binary:8","sequential","100","0.5471999999999753","0.5471999999999753","0.9361000000000104","140","16","1","93","58","103","357","641","38887424","39079936","16","1","93","58","103"
"cos-tenth","{""name"":""tenth"",""numerator"":""1"",""denominator"":""10"",""mode"":""cos""}","binary:8","sequential","300","1.3374999999999773","1.8846999999999525","2.3619999999999663","340","64","4","343","130","362","790","1474","39350272","39350272","48","3","250","72","259"
"cos-tenth","{""name"":""tenth"",""numerator"":""1"",""denominator"":""10"",""mode"":""cos""}","binary:8","sequential","1000","7.0534000000000106","8.938099999999963","7.184599999999932","1042","176","11","862","236","933","2084","4172","39063552","39497728","112","7","519","106","571"
"cos-tenth","{""name"":""tenth"",""numerator"":""1"",""denominator"":""10"",""mode"":""cos""}","binary:8","direct","1000","6.241899999999987","6.241899999999987","6.872000000000071","1042","112","7","519","106","571","2084","4172","39108608","39497728","112","7","519","106","571"
"cos-tenth","{""name"":""tenth"",""numerator"":""1"",""denominator"":""10"",""mode"":""cos""}","bit-burst","sequential","100","5.266000000000076","5.266000000000076","0.5554999999999382","134","272","17",,,"1460",,,"39215104","39497728","272","17",,,"1460"
"cos-tenth","{""name"":""tenth"",""numerator"":""1"",""denominator"":""10"",""mode"":""cos""}","bit-burst","sequential","300","9.005999999999972","14.272000000000048","1.739500000000021","334","704","44",,,"3719",,,"40337408","40337408","432","27",,,"2259"
"cos-tenth","{""name"":""tenth"",""numerator"":""1"",""denominator"":""10"",""mode"":""cos""}","bit-burst","sequential","1000","48.50780000000009","62.77980000000014","5.560999999999922","1036","1568","98",,,"8122",,,"39497728","41148416","864","54",,,"4403"
"cos-tenth","{""name"":""tenth"",""numerator"":""1"",""denominator"":""10"",""mode"":""cos""}","bit-burst","direct","1000","43.03429999999992","43.03429999999992","5.772500000000036","1036","864","54",,,"4403",,,"39698432","41148416","864","54",,,"4403"
"both-tenth","{""name"":""tenth"",""numerator"":""1"",""denominator"":""10"",""mode"":""both""}","legacy","sequential","100","1.0161000000000513","1.0161000000000513","1.0760999999999967",,,,,,"49",,,"39915520","41148416",,,,,"49"
"both-tenth","{""name"":""tenth"",""numerator"":""1"",""denominator"":""10"",""mode"":""both""}","legacy","sequential","300","4.633299999999963","5.649400000000014","3.216199999999958",,,,,,"167",,,"39776256","41148416",,,,,"118"
"both-tenth","{""name"":""tenth"",""numerator"":""1"",""denominator"":""10"",""mode"":""both""}","legacy","sequential","1000","70.00670000000002","75.65610000000004","18.013999999999896",,,,,,"495",,,"40009728","41148416",,,,,"328"
"both-tenth","{""name"":""tenth"",""numerator"":""1"",""denominator"":""10"",""mode"":""both""}","legacy","direct","1000","68.3411000000001","68.3411000000001","18.52449999999999",,,,,,"328",,,"40103936","41472000",,,,,"328"
"both-tenth","{""name"":""tenth"",""numerator"":""1"",""denominator"":""10"",""mode"":""both""}","sequential","sequential","100","0.8402000000000953","0.8402000000000953","0.8755000000001019","134","58","58","293","390","176","269","807","40124416","41472000","58","58","293","390","176"
"both-tenth","{""name"":""tenth"",""numerator"":""1"",""denominator"":""10"",""mode"":""both""}","sequential","sequential","300","4.16579999999999","5.0060000000000855","2.598600000000033","334","183","183","922","1330","553","669","2007","40026112","41472000","125","125","629","940","377"
"both-tenth","{""name"":""tenth"",""numerator"":""1"",""denominator"":""10"",""mode"":""both""}","sequential","sequential","1000","54.44579999999996","59.45180000000005","47.31819999999993","1036","518","518","2601","3958","1560","2073","6219","40144896","41472000","335","335","1679","2628","1007"
"both-tenth","{""name"":""tenth"",""numerator"":""1"",""denominator"":""10"",""mode"":""both""}","sequential","direct","1000","95.23450000000003","95.23450000000003","40.30619999999999","1036","335","335","1679","2628","1007","2073","6219","39952384","41472000","335","335","1679","2628","1007"
"both-tenth","{""name"":""tenth"",""numerator"":""1"",""denominator"":""10"",""mode"":""both""}","rectangular","sequential","100","0.8005999999998039","0.8005999999998039","0.9701000000000022","138","64","4","71","132","155","276","830","40001536","41472000","64","4","71","132","155"
"both-tenth","{""name"":""tenth"",""numerator"":""1"",""denominator"":""10"",""mode"":""both""}","rectangular","sequential","300","8.92190000000005","9.722499999999854","6.256399999999985","340","160","10","166","424","379","680","2042","42147840","42147840","96","6","95","292","224"
"both-tenth","{""name"":""tenth"",""numerator"":""1"",""denominator"":""10"",""mode"":""both""}","rectangular","sequential","1000","19.687099999999873","29.409599999999728","27.141200000000026","1047","320","20","305","900","742","2094","6284","44011520","44322816","160","10","139","476","363"
"both-tenth","{""name"":""tenth"",""numerator"":""1"",""denominator"":""10"",""mode"":""both""}","rectangular","direct","1000","23.788400000000138","23.788400000000138","42.58669999999984","1047","160","10","139","476","363","2094","6284","42831872","45912064","160","10","139","476","363"
"both-tenth","{""name"":""tenth"",""numerator"":""1"",""denominator"":""10"",""mode"":""both""}","binary","sequential","100","1.4662000000000717","1.4662000000000717","0.9763000000000375","138","64","4","239","84","335","531","1085","40230912","46108672","64","4","239","84","335"
"both-tenth","{""name"":""tenth"",""numerator"":""1"",""denominator"":""10"",""mode"":""both""}","binary","sequential","300","10.791899999999941","12.258100000000013","14.828599999999824","340","160","10","708","196","829","791","2153","40251392","46108672","96","6","469","112","494"
"both-tenth","{""name"":""tenth"",""numerator"":""1"",""denominator"":""10"",""mode"":""both""}","binary","sequential","1000","21.533800000000156","33.79190000000017","26.790500000000065","1047","320","20","1473","372","1642","2094","6284","40300544","46108672","160","10","765","176","813"
"both-tenth","{""name"":""tenth"",""numerator"":""1"",""denominator"":""10"",""mode"":""both""}","binary","direct","1000","16.66529999999989","16.66529999999989","21.324499999999944","1047","160","10","765","176","813","2094","6284","40366080","46108672","160","10","765","176","813"
"both-tenth","{""name"":""tenth"",""numerator"":""1"",""denominator"":""10"",""mode"":""both""}","router","sequential","100","0.8705999999999676","0.8705999999999676","0.9284000000000106","134","58","58","293","390","176","269","807","40402944","46108672","58","58","293","390","176"
"both-tenth","{""name"":""tenth"",""numerator"":""1"",""denominator"":""10"",""mode"":""both""}","router","sequential","300","3.673000000000002","4.543599999999969","3.4353000000000975","340","154","64","388","682","400","680","2849","40402944","46108672","96","6","95","292","224"
"both-tenth","{""name"":""tenth"",""numerator"":""1"",""denominator"":""10"",""mode"":""both""}","router","sequential","1000","18.353800000000092","22.89740000000006","33.93359999999984","1047","314","74","527","1158","763","2094","7091","40407040","46108672","160","10","139","476","363"
"both-tenth","{""name"":""tenth"",""numerator"":""1"",""denominator"":""10"",""mode"":""both""}","router","direct","1000","16.59809999999993","16.59809999999993","21.326999999999998","1047","160","10","139","476","363","2094","6284","40435712","46108672","160","10","139","476","363"
"both-tenth","{""name"":""tenth"",""numerator"":""1"",""denominator"":""10"",""mode"":""both""}","rectangular:0","sequential","100","0.4798000000000684","0.4798000000000684","0.7934999999999945","134","64","4","51","184","149","268","806","40448000","46108672","64","4","51","184","149"
"both-tenth","{""name"":""tenth"",""numerator"":""1"",""denominator"":""10"",""mode"":""both""}","rectangular:0","sequential","300","3.1065000000000964","3.586300000000165","2.8016999999999825","334","192","12","118","520","430","668","2006","40448000","46108672","128","8","67","336","281"
"both-tenth","{""name"":""tenth"",""numerator"":""1"",""denominator"":""10"",""mode"":""both""}","rectangular:0","sequential","1000","14.7978999999998","18.384199999999964","21.13440000000014","1036","544","34","241","1388","1173","2072","6218","40464384","46108672","352","22","123","868","743"
"both-tenth","{""name"":""tenth"",""numerator"":""1"",""denominator"":""10"",""mode"":""both""}","rectangular:0","direct","1000","13.79060000000004","13.79060000000004","20.166799999999967","1036","352","22","123","868","743","2072","6218","40501248","46108672","352","22","123","868","743"
"both-tenth","{""name"":""tenth"",""numerator"":""1"",""denominator"":""10"",""mode"":""both""}","binary:0","sequential","100","0.6474000000000615","0.6474000000000615","0.7871000000000095","134","64","4","299","64","329","527","1065","40521728","46108672","64","4","299","64","329"
"both-tenth","{""name"":""tenth"",""numerator"":""1"",""denominator"":""10"",""mode"":""both""}","binary:0","sequential","300","1.875099999999975","2.5225000000000364","2.4088999999999032","334","192","12","866","160","970","822","2160","40529920","46108672","128","8","567","96","641"
"both-tenth","{""name"":""tenth"",""numerator"":""1"",""denominator"":""10"",""mode"":""both""}","binary:0","sequential","1000","14.30119999999988","16.823699999999917","25.98850000000016","1036","544","34","2389","368","2703","2072","6218","40579072","46108672","352","22","1523","208","1733"
"both-tenth","{""name"":""tenth"",""numerator"":""1"",""denominator"":""10"",""mode"":""both""}","binary:0","direct","1000","14.31269999999995","14.31269999999995","23.586499999999887","1036","352","22","1523","208","1733","2072","6218","40681472","46108672","352","22","1523","208","1733"
"both-tenth","{""name"":""tenth"",""numerator"":""1"",""denominator"":""10"",""mode"":""both""}","binary:8","sequential","100","0.5704000000000633","0.5704000000000633","0.9027000000000953","140","32","2","151","80","181","374","936","40726528","46108672","32","2","151","80","181"
"both-tenth","{""name"":""tenth"",""numerator"":""1"",""denominator"":""10"",""mode"":""both""}","binary:8","sequential","300","1.9827000000000226","2.553100000000086","7.254999999999882","340","128","8","616","188","674","791","2153","40730624","46108672","96","6","465","108","493"
"both-tenth","{""name"":""tenth"",""numerator"":""1"",""denominator"":""10"",""mode"":""both""}","binary:8","sequential","1000","13.433999999999969","15.987100000000055","19.044200000000046","1042","352","22","1619","362","1791","2084","6254","40751104","46108672","224","14","1003","174","1117"
"both-tenth","{""name"":""tenth"",""numerator"":""1"",""denominator"":""10"",""mode"":""both""}","binary:8","direct","1000","13.860899999999901","13.860899999999901","20.690000000000055","1042","224","14","1003","174","1117","2084","6254","40849408","46108672","224","14","1003","174","1117"
"both-tenth","{""name"":""tenth"",""numerator"":""1"",""denominator"":""10"",""mode"":""both""}","bit-burst","sequential","100","2.134599999999864","2.134599999999864","0.7967999999998483","134","272","17",,,"1460",,,"40919040","46108672","272","17",,,"1460"
"both-tenth","{""name"":""tenth"",""numerator"":""1"",""denominator"":""10"",""mode"":""both""}","bit-burst","sequential","300","8.395400000000109","10.529999999999973","2.706000000000131","334","704","44",,,"3719",,,"40951808","46108672","432","27",,,"2259"
"both-tenth","{""name"":""tenth"",""numerator"":""1"",""denominator"":""10"",""mode"":""both""}","bit-burst","sequential","1000","43.975799999999936","54.50579999999991","21.865499999999884","1036","1568","98",,,"8122",,,"41127936","46108672","864","54",,,"4403"
"both-tenth","{""name"":""tenth"",""numerator"":""1"",""denominator"":""10"",""mode"":""both""}","bit-burst","direct","1000","49.717899999999645","49.717899999999645","20.388600000000224","1036","864","54",,,"4403",,,"41271296","46108672","864","54",,,"4403"
"sin-edge","{""name"":""edge"",""numerator"":""3"",""denominator"":""4"",""mode"":""sin""}","legacy","sequential","100","1.5611000000003514","1.5611000000003514","0.5997999999999593",,,,,,"36",,,"41345024","46108672",,,,,"36"
"sin-edge","{""name"":""edge"",""numerator"":""3"",""denominator"":""4"",""mode"":""sin""}","legacy","sequential","300","2.86220000000003","4.423300000000381","2.6736000000000786",,,,,,"117",,,"41345024","46108672",,,,,"81"
"sin-edge","{""name"":""edge"",""numerator"":""3"",""denominator"":""4"",""mode"":""sin""}","legacy","sequential","1000","53.312099999999646","57.73540000000003","7.927499999999782",,,,,,"334",,,"41349120","46108672",,,,,"217"
"sin-edge","{""name"":""edge"",""numerator"":""3"",""denominator"":""4"",""mode"":""sin""}","legacy","direct","1000","63.40650000000005","63.40650000000005","6.524399999999787",,,,,,"217",,,"41205760","46108672",,,,,"217"
"sin-edge","{""name"":""edge"",""numerator"":""3"",""denominator"":""4"",""mode"":""sin""}","sequential","sequential","100","1.2390000000000327","1.2390000000000327","0.6400999999996202","134","41","41","209","282","125","268","539","41230336","46108672","41","41","209","282","125"
"sin-edge","{""name"":""edge"",""numerator"":""3"",""denominator"":""4"",""mode"":""sin""}","sequential","sequential","300","2.399699999999939","3.6386999999999716","1.7454999999999927","334","127","127","644","934","385","668","1339","41230336","46108672","86","86","435","652","260"
"sin-edge","{""name"":""edge"",""numerator"":""3"",""denominator"":""4"",""mode"":""sin""}","sequential","sequential","1000","33.08379999999988","36.722499999999854","5.251699999999801","1036","348","348","1753","2672","1050","2072","4147","41275392","46108672","221","221","1109","1738","665"
"sin-edge","{""name"":""edge"",""numerator"":""3"",""denominator"":""4"",""mode"":""sin""}","sequential","direct","1000","31.54449999999997","31.54449999999997","6.719500000000153","1036","221","221","1109","1738","665","2072","4147","41279488","46108672","221","221","1109","1738","665"
"sin-edge","{""name"":""edge"",""numerator"":""3"",""denominator"":""4"",""mode"":""sin""}","rectangular","sequential","100","0.48430000000007567","0.48430000000007567","0.715900000000147","134","48","3","47","146","116","268","539","41291776","46108672","48","3","47","146","116"
"sin-edge","{""name"":""edge"",""numerator"":""3"",""denominator"":""4"",""mode"":""sin""}","rectangular","sequential","300","1.29950000000008","1.7838000000001557","1.711999999999989","334","144","9","106","406","331","668","1339","41291776","46108672","96","6","59","260","215"
"sin-edge","{""name"":""edge"",""numerator"":""3"",""denominator"":""4"",""mode"":""sin""}","rectangular","sequential","1000","7.974799999999959","9.758600000000115","6.948399999999765","1036","368","23","197","972","810","2072","4147","41308160","46108672","224","14","91","566","479"
"sin-edge","{""name"":""edge"",""numerator"":""3"",""denominator"":""4"",""mode"":""sin""}","rectangular","direct","1000","7.968899999999849","7.968899999999849","7.57529999999997","1036","224","14","91","566","479","2072","4147","41439232","46108672","224","14","91","566","479"
"sin-edge","{""name"":""edge"",""numerator"":""3"",""denominator"":""4"",""mode"":""sin""}","binary","sequential","100","0.5203000000001339","0.5203000000001339","0.5871000000001914","134","48","3","234","56","251","585","856","41246720","46108672","48","3","234","56","251"
"sin-edge","{""name"":""edge"",""numerator"":""3"",""denominator"":""4"",""mode"":""sin""}","binary","sequential","300","1.495300000000043","2.015600000000177","1.6995999999999185","334","144","9","669","136","736","871","1542","41254912","46108672","96","6","435","80","485"
"sin-edge","{""name"":""edge"",""numerator"":""3"",""denominator"":""4"",""mode"":""sin""}","binary","sequential","1000","8.370899999999892","10.38650000000007","7.429299999999785","1036","368","23","1655","282","1845","2072","4147","41299968","46108672","224","14","986","146","1109"
"sin-edge","{""name"":""edge"",""numerator"":""3"",""denominator"":""4"",""mode"":""sin""}","binary","direct","1000","7.903999999999996","7.903999999999996","8.501400000000103","1036","224","14","986","146","1109","2072","4147","41369600","46108672","224","14","986","146","1109"
"sin-edge","{""name"":""edge"",""numerator"":""3"",""denominator"":""4"",""mode"":""sin""}","router","sequential","100","0.7923999999998159","0.7923999999998159","1.2338999999997213","134","41","41","209","282","125","268","539","41373696","46108672","41","41","209","282","125"
"sin-edge","{""name"":""edge"",""numerator"":""3"",""denominator"":""4"",""mode"":""sin""}","router","sequential","300","1.9048999999999978","2.6972999999998137","2.047900000000027","334","137","47","268","542","340","668","1878","41377792","46108672","96","6","59","260","215"
"sin-edge","{""name"":""edge"",""numerator"":""3"",""denominator"":""4"",""mode"":""sin""}","router","sequential","1000","10.26740000000018","12.964699999999993","6.240099999999984","1036","361","61","359","1108","819","2072","4686","41418752","46108672","224","14","91","566","479"
"sin-edge","{""name"":""edge"",""numerator"":""3"",""denominator"":""4"",""mode"":""sin""}","router","direct","1000","10.290899999999965","10.290899999999965","6.752100000000155","1036","224","14","91","566","479","2072","4147","41431040","46108672","224","14","91","566","479"
"cos-edge","{""name"":""edge"",""numerator"":""3"",""denominator"":""4"",""mode"":""cos""}","legacy","sequential","100","1.2934000000000196","1.2934000000000196","4.75649999999996",,,,,,"36",,,"42016768","46108672",,,,,"36"
"cos-edge","{""name"":""edge"",""numerator"":""3"",""denominator"":""4"",""mode"":""cos""}","legacy","sequential","300","4.019900000000234","5.313300000000254","2.597099999999955",,,,,,"118",,,"43147264","46108672",,,,,"82"
"cos-edge","{""name"":""edge"",""numerator"":""3"",""denominator"":""4"",""mode"":""cos""}","legacy","sequential","1000","48.62189999999964","53.935199999999895","6.010000000000218",,,,,,"335",,,"41451520","46108672",,,,,"217"
"cos-edge","{""name"":""edge"",""numerator"":""3"",""denominator"":""4"",""mode"":""cos""}","legacy","direct","1000","54.50700000000006","54.50700000000006","5.802300000000287",,,,,,"217",,,"41480192","46108672",,,,,"217"
"cos-edge","{""name"":""edge"",""numerator"":""3"",""denominator"":""4"",""mode"":""cos""}","sequential","sequential","100","0.6291000000001077","0.6291000000001077","0.9882999999999811","134","42","42","215","288","128","269","540","41480192","46108672","42","42","215","288","128"
"cos-edge","{""name"":""edge"",""numerator"":""3"",""denominator"":""4"",""mode"":""cos""}","sequential","sequential","300","3.407000000000153","4.0361000000002605","1.8350000000000364","334","129","129","654","946","391","669","1340","41480192","46108672","87","87","439","658","263"
"cos-edge","{""name"":""edge"",""numerator"":""3"",""denominator"":""4"",""mode"":""cos""}","sequential","sequential","1000","31.49279999999999","35.52890000000025","6.138899999999921","1036","351","351","1769","2692","1059","2073","4148","41500672","46108672","222","222","1115","1746","668"
"cos-edge","{""name"":""edge"",""numerator"":""3"",""denominator"":""4"",""mode"":""cos""}","sequential","direct","1000","36.20980000000009","36.20980000000009","5.643000000000029","1036","222","222","1115","1746","668","2073","4148","41512960","46108672","222","222","1115","1746","668"
"cos-edge","{""name"":""edge"",""numerator"":""3"",""denominator"":""4"",""mode"":""cos""}","rectangular","sequential","100","0.32189999999991414","0.32189999999991414","0.5448999999998705","138","32","2","53","100","89","276","555","41512960","46108672","32","2","53","100","89"
"cos-edge","{""name"":""edge"",""numerator"":""3"",""denominator"":""4"",""mode"":""cos""}","rectangular","sequential","300","1.805000000000291","2.126900000000205","1.8618000000001302","340","80","5","118","266","214","680","1363","41512960","46108672","48","3","65","166","125"
"cos-edge","{""name"":""edge"",""numerator"":""3"",""denominator"":""4"",""mode"":""cos""}","rectangular","sequential","1000","7.013899999999921","9.140800000000127","5.926800000000185","1047","160","10","205","522","412","2094","4191","41517056","46108672","80","5","87","256","198"
"cos-edge","{""name"":""edge"",""numerator"":""3"",""denominator"":""4"",""mode"":""cos""}","rectangular","direct","1000","7.2864000000004125","7.2864000000004125","5.6215000000001965","1047","80","5","87","256","198","2094","4191","41529344","46108672","80","5","87","256","198"
"cos-edge","{""name"":""edge"",""numerator"":""3"",""denominator"":""4"",""mode"":""cos""}","binary","sequential","100","0.4198999999998705","0.4198999999998705","0.5464000000001761","138","32","2","157","60","179","529","808","41533440","46108672","32","2","157","60","179"
"cos-edge","{""name"":""edge"",""numerator"":""3"",""denominator"":""4"",""mode"":""cos""}","binary","sequential","300","1.121299999999792","1.5411999999996624","1.6397000000001754","340","80","5","409","136","439","790","1473","41537536","46108672","48","3","252","76","260"
"cos-edge","{""name"":""edge"",""numerator"":""3"",""denominator"":""4"",""mode"":""cos""}","binary","sequential","1000","7.675200000000132","9.216399999999794","5.360900000000129","1047","160","10","809","242","862","2094","4191","41545728","46108672","80","5","400","106","423"
"cos-edge","{""name"":""edge"",""numerator"":""3"",""denominator"":""4"",""mode"":""cos""}","binary","direct","1000","8.261499999999614","8.261499999999614","6.496799999999894","1047","80","5","400","106","423","2094","4191","41570304","46108672","80","5","400","106","423"
"cos-edge","{""name"":""edge"",""numerator"":""3"",""denominator"":""4"",""mode"":""cos""}","router","sequential","100","0.6199999999998909","0.6199999999998909","0.5529000000001361","134","42","42","215","288","128","269","540","41594880","46108672","42","42","215","288","128"
"cos-edge","{""name"":""edge"",""numerator"":""3"",""denominator"":""4"",""mode"":""cos""}","router","sequential","300","1.1071999999999207","1.7271999999998116","1.7148000000001957","340","90","45","280","454","253","680","1903","41799680","46108672","48","3","65","166","125"
"cos-edge","{""name"":""edge"",""numerator"":""3"",""denominator"":""4"",""mode"":""cos""}","router","sequential","1000","7.80639999999994","9.533599999999751","6.506199999999808","1047","170","50","367","710","451","2094","4731","41742336","46108672","80","5","87","256","198"
"cos-edge","{""name"":""edge"",""numerator"":""3"",""denominator"":""4"",""mode"":""cos""}","router","direct","1000","6.872100000000046","6.872100000000046","6.216899999999896","1047","80","5","87","256","198","2094","4191","41750528","46108672","80","5","87","256","198"
"cos-edge","{""name"":""edge"",""numerator"":""3"",""denominator"":""4"",""mode"":""cos""}","rectangular:0","sequential","100","0.463799999999992","0.463799999999992","1.0489000000002306","134","48","3","47","146","116","268","539","41754624","46108672","48","3","47","146","116"
"cos-edge","{""name"":""edge"",""numerator"":""3"",""denominator"":""4"",""mode"":""cos""}","rectangular:0","sequential","300","1.2096999999998843","1.6734999999998763","1.6376000000000204","334","144","9","106","406","331","668","1339","41754624","46108672","96","6","59","260","215"
"cos-edge","{""name"":""edge"",""numerator"":""3"",""denominator"":""4"",""mode"":""cos""}","rectangular:0","sequential","1000","9.593900000000303","11.26740000000018","5.672900000000027","1036","368","23","197","972","810","2072","4147","41758720","46108672","224","14","91","566","479"
"cos-edge","{""name"":""edge"",""numerator"":""3"",""denominator"":""4"",""mode"":""cos""}","rectangular:0","direct","1000","8.593900000000303","8.593900000000303","5.6995999999999185","1036","224","14","91","566","479","2072","4147","41771008","46108672","224","14","91","566","479"
"cos-edge","{""name"":""edge"",""numerator"":""3"",""denominator"":""4"",""mode"":""cos""}","binary:0","sequential","100","0.5398999999997613","0.5398999999997613","0.5587999999997919","134","48","3","234","56","251","584","855","41566208","46108672","48","3","234","56","251"
"cos-edge","{""name"":""edge"",""numerator"":""3"",""denominator"":""4"",""mode"":""cos""}","binary:0","sequential","300","1.4793000000004213","2.0192000000001826","2.1547999999997955","334","144","9","669","136","736","870","1541","41570304","46108672","96","6","435","80","485"
"cos-edge","{""name"":""edge"",""numerator"":""3"",""denominator"":""4"",""mode"":""cos""}","binary:0","sequential","1000","8.802599999999984","10.821800000000167","5.609199999999873","1036","368","23","1655","282","1845","2072","4147","41627648","46108672","224","14","986","146","1109"
"cos-edge","{""name"":""edge"",""numerator"":""3"",""denominator"":""4"",""mode"":""cos""}","binary:0","direct","1000","9.531800000000203","9.531800000000203","5.675199999999677","1036","224","14","986","146","1109","2072","4147","41697280","46108672","224","14","986","146","1109"
"cos-edge","{""name"":""edge"",""numerator"":""3"",""denominator"":""4"",""mode"":""cos""}","binary:8","sequential","100","0.44529999999986103","0.44529999999986103","0.5717999999997119","140","32","2","153","64","181","531","814","41705472","46108672","32","2","153","64","181"
"cos-edge","{""name"":""edge"",""numerator"":""3"",""denominator"":""4"",""mode"":""cos""}","binary:8","sequential","300","1.3209999999999127","1.7662999999997737","1.9117999999998574","340","80","5","403","138","440","790","1473","41709568","46108672","48","3","250","74","259"
"cos-edge","{""name"":""edge"",""numerator"":""3"",""denominator"":""4"",""mode"":""cos""}","binary:8","sequential","1000","7.7159999999998945","9.482299999999668","5.328300000000127","1042","208","13","991","252","1089","2084","4171","41742336","46108672","128","8","588","114","649"
"cos-edge","{""name"":""edge"",""numerator"":""3"",""denominator"":""4"",""mode"":""cos""}","binary:8","direct","1000","9.439300000000003","9.439300000000003","5.7453999999997905","1042","128","8","588","114","649","2084","4171","41779200","46108672","128","8","588","114","649"
"cos-edge","{""name"":""edge"",""numerator"":""3"",""denominator"":""4"",""mode"":""cos""}","bit-burst","sequential","100","0.9365999999999985","0.9365999999999985","0.9645000000000437","134","96","6",,,"488",,,"41803776","46108672","96","6",,,"488"
"cos-edge","{""name"":""edge"",""numerator"":""3"",""denominator"":""4"",""mode"":""cos""}","bit-burst","sequential","300","3.667500000000018","4.604100000000017","2.0147000000001754","334","288","18",,,"1444",,,"41816064","46108672","192","12",,,"956"
"cos-edge","{""name"":""edge"",""numerator"":""3"",""denominator"":""4"",""mode"":""cos""}","bit-burst","sequential","1000","16.685199999999895","21.289299999999912","5.739599999999882","1036","768","48",,,"3804",,,"41861120","46108672","480","30",,,"2360"
"cos-edge","{""name"":""edge"",""numerator"":""3"",""denominator"":""4"",""mode"":""cos""}","bit-burst","direct","1000","17.922699999999622","17.922699999999622","7.134300000000167","1036","480","30",,,"2360",,,"42004480","46108672","480","30",,,"2360"
"both-edge","{""name"":""edge"",""numerator"":""3"",""denominator"":""4"",""mode"":""both""}","legacy","sequential","100","1.1885999999999513","1.1885999999999513","1.171900000000278",,,,,,"72",,,"42041344","46108672",,,,,"72"
"both-edge","{""name"":""edge"",""numerator"":""3"",""denominator"":""4"",""mode"":""both""}","legacy","sequential","300","5.59940000000006","6.788000000000011","3.3009000000001834",,,,,,"235",,,"42041344","46108672",,,,,"163"
"both-edge","{""name"":""edge"",""numerator"":""3"",""denominator"":""4"",""mode"":""both""}","legacy","sequential","1000","95.05549999999994","101.84349999999995","28.948199999999815",,,,,,"669",,,"46325760","46325760",,,,,"434"
"both-edge","{""name"":""edge"",""numerator"":""3"",""denominator"":""4"",""mode"":""both""}","legacy","direct","1000","90.42979999999989","90.42979999999989","25.985299999999825",,,,,,"434",,,"50515968","50515968",,,,,"434"
"both-edge","{""name"":""edge"",""numerator"":""3"",""denominator"":""4"",""mode"":""both""}","sequential","sequential","100","0.9747999999999593","0.9747999999999593","0.9445999999998094","134","83","83","419","564","251","269","808","50589696","50835456","83","83","419","564","251"
"both-edge","{""name"":""edge"",""numerator"":""3"",""denominator"":""4"",""mode"":""both""}","sequential","sequential","300","4.45490000000018","5.429700000000139","3.020499999999629","334","256","256","1288","1868","772","669","2008","50589696","50835456","173","173","869","1304","521"
"both-edge","{""name"":""edge"",""numerator"":""3"",""denominator"":""4"",""mode"":""both""}","sequential","sequential","1000","64.43420000000015","69.86390000000029","27.240999999999985","1036","699","699","3507","5346","2103","2073","6220","50593792","50835456","443","443","2219","3478","1331"
"both-edge","{""name"":""edge"",""numerator"":""3"",""denominator"":""4"",""mode"":""both""}","sequential","direct","1000","63.22739999999976","63.22739999999976","25.935999999999694","1036","443","443","2219","3478","1331","2073","6220","50610176","50835456","443","443","2219","3478","1331"
"both-edge","{""name"":""edge"",""numerator"":""3"",""denominator"":""4"",""mode"":""both""}","rectangular","sequential","100","0.5837999999998829","0.5837999999998829","2.3680999999996857","138","64","4","71","164","155","276","831","50663424","50835456","64","4","71","164","155"
"both-edge","{""name"":""edge"",""numerator"":""3"",""denominator"":""4"",""mode"":""both""}","rectangular","sequential","300","1.998199999999997","2.58199999999988","3.4905000000003383","340","160","10","166","460","379","680","2043","50667520","50835456","96","6","95","296","224"
"both-edge","{""name"":""edge"",""numerator"":""3"",""denominator"":""4"",""mode"":""both""}","rectangular","sequential","1000","12.376399999999649","14.958399999999529","26.91690000000017","1047","320","20","305","936","742","2094","6285","50667520","50835456","160","10","139","476","363"
"both-edge","{""name"":""edge"",""numerator"":""3"",""denominator"":""4"",""mode"":""both""}","rectangular","direct","1000","13.860400000000027","13.860400000000027","26.782600000000002","1047","160","10","139","476","363","2094","6285","50679808","50835456","160","10","139","476","363"
"both-edge","{""name"":""edge"",""numerator"":""3"",""denominator"":""4"",""mode"":""both""}","binary","sequential","100","1.7719999999999345","1.7719999999999345","0.9728999999997541","138","64","4","279","84","335","531","1086","50700288","50835456","64","4","279","84","335"
"both-edge","{""name"":""edge"",""numerator"":""3"",""denominator"":""4"",""mode"":""both""}","binary","sequential","300","1.9800000000000182","3.7519999999999527","3.0147000000001754","340","160","10","748","200","829","791","2154","50708480","50835456","96","6","469","116","494"
"both-edge","{""name"":""edge"",""numerator"":""3"",""denominator"":""4"",""mode"":""both""}","binary","sequential","1000","13.841200000000299","17.59320000000025","30.441400000000158","1047","320","20","1513","376","1642","2094","6285","50720768","50835456","160","10","765","176","813"
"both-edge","{""name"":""edge"",""numerator"":""3"",""denominator"":""4"",""mode"":""both""}","binary","direct","1000","14.134300000000167","14.134300000000167","30.36030000000028","1047","160","10","765","176","813","2094","6285","50675712","50835456","160","10","765","176","813"
"both-edge","{""name"":""edge"",""numerator"":""3"",""denominator"":""4"",""mode"":""both""}","router","sequential","100","1.0007000000000517","1.0007000000000517","1.5458000000003267","134","83","83","419","564","251","269","808","50720768","50835456","83","83","419","564","251"
"both-edge","{""name"":""edge"",""numerator"":""3"",""denominator"":""4"",""mode"":""both""}","router","sequential","300","1.8000999999999294","2.800799999999981","3.0354999999999563","340","179","89","514","860","475","680","2851","50720768","50835456","96","6","95","296","224"
"both-edge","{""name"":""edge"",""numerator"":""3"",""denominator"":""4"",""mode"":""both""}","router","sequential","1000","13.647699999999986","16.448499999999967","28.553300000000036","1047","339","99","653","1336","838","2094","7093","50720768","50835456","160","10","139","476","363"
"both-edge","{""name"":""edge"",""numerator"":""3"",""denominator"":""4"",""mode"":""both""}","router","direct","1000","14.043099999999868","14.043099999999868","25.676500000000033","1047","160","10","139","476","363","2094","6285","50737152","50835456","160","10","139","476","363"
"both-edge","{""name"":""edge"",""numerator"":""3"",""denominator"":""4"",""mode"":""both""}","rectangular:0","sequential","100","1.2597000000000662","1.2597000000000662","2.6961999999998625","134","96","6","59","256","215","268","807","50749440","50835456","96","6","59","256","215"
"both-edge","{""name"":""edge"",""numerator"":""3"",""denominator"":""4"",""mode"":""both""}","rectangular:0","sequential","300","4.605600000000322","5.8653000000003885","4.133400000000165","334","288","18","142","740","628","668","2007","50749440","50835456","192","12","83","484","413"
"both-edge","{""name"":""edge"",""numerator"":""3"",""denominator"":""4"",""mode"":""both""}","rectangular:0","sequential","1000","17.464500000000044","23.329800000000432","26.657399999999598","1036","736","46","289","1836","1569","2072","6219","50749440","50835456","448","28","147","1096","941"
"both-edge","{""name"":""edge"",""numerator"":""3"",""denominator"":""4"",""mode"":""both""}","rectangular:0","direct","1000","14.81959999999981","14.81959999999981","24.934799999999996","1036","448","28","147","1096","941","2072","6219","50761728","50835456","448","28","147","1096","941"
"both-edge","{""name"":""edge"",""numerator"":""3"",""denominator"":""4"",""mode"":""both""}","binary:0","sequential","100","0.8141000000000531","0.8141000000000531","0.9425999999998567","134","96","6","433","76","485","585","1124","50778112","50835456","96","6","433","76","485"
"both-edge","{""name"":""edge"",""numerator"":""3"",""denominator"":""4"",""mode"":""both""}","binary:0","sequential","300","2.459600000000137","3.27370000000019","3.685899999999947","334","288","18","1268","200","1438","871","2210","50790400","50835456","192","12","835","124","953"
"both-edge","{""name"":""edge"",""numerator"":""3"",""denominator"":""4"",""mode"":""both""}","binary:0","sequential","1000","16.629399999999805","19.903099999999995","24.3770999999997","1036","736","46","3205","456","3639","2072","6219","50831360","50835456","448","28","1937","256","2201"
"both-edge","{""name"":""edge"",""numerator"":""3"",""denominator"":""4"",""mode"":""both""}","binary:0","direct","1000","14.380499999999756","14.380499999999756","23.753799999999956","1036","448","28","1937","256","2201","2072","6219","50962432","50962432","448","28","1937","256","2201"
"both-edge","{""name"":""edge"",""numerator"":""3"",""denominator"":""4"",""mode"":""both""}","binary:8","sequential","100","0.8647000000000844","0.8647000000000844","1.4109999999996035","140","64","4","271","92","337","533","1096","50991104","50991104","64","4","271","92","337"
"both-edge","{""name"":""edge"",""numerator"":""3"",""denominator"":""4"",""mode"":""both""}","binary:8","sequential","300","2.3406999999997424","3.205399999999827","4.055400000000191","340","160","10","736","204","830","791","2154","50999296","50999296","96","6","465","112","493"
"both-edge","{""name"":""edge"",""numerator"":""3"",""denominator"":""4"",""mode"":""both""}","binary:8","sequential","1000","12.195100000000366","15.400500000000193","23.384900000000016","1042","416","26","1877","396","2103","2084","6255","51073024","51073024","256","16","1141","192","1273"
"both-edge","{""name"":""edge"",""numerator"":""3"",""denominator"":""4"",""mode"":""both""}","binary:8","direct","1000","12.57320000000027","12.57320000000027","25.30139999999983","1042","256","16","1141","192","1273","2084","6255","51118080","51118080","256","16","1141","192","1273"
"both-edge","{""name"":""edge"",""numerator"":""3"",""denominator"":""4"",""mode"":""both""}","bit-burst","sequential","100","0.9359999999996944","0.9359999999996944","1.4883000000004358","134","96","6",,,"488",,,"52056064","52060160","96","6",,,"488"
"both-edge","{""name"":""edge"",""numerator"":""3"",""denominator"":""4"",""mode"":""both""}","bit-burst","sequential","300","3.868800000000192","4.8047999999998865","3.5214999999998327","334","288","18",,,"1444",,,"52678656","52678656","192","12",,,"956"
"both-edge","{""name"":""edge"",""numerator"":""3"",""denominator"":""4"",""mode"":""both""}","bit-burst","sequential","1000","16.11790000000019","20.922700000000077","23.822799999999916","1036","768","48",,,"3804",,,"51269632","53219328","480","30",,,"2360"
"both-edge","{""name"":""edge"",""numerator"":""3"",""denominator"":""4"",""mode"":""both""}","bit-burst","direct","1000","17.803800000000138","17.803800000000138","25.40179999999964","1036","480","30",,,"2360",,,"51437568","53219328","480","30",,,"2360"
"sin-negative","{""name"":""negative"",""numerator"":""-7"",""denominator"":""10"",""mode"":""sin""}","legacy","sequential","100","0.586399999999685","0.586399999999685","0.832300000000032",,,,,,"35",,,"51449856","53219328",,,,,"35"
"sin-negative","{""name"":""negative"",""numerator"":""-7"",""denominator"":""10"",""mode"":""sin""}","legacy","sequential","300","2.841399999999794","3.427799999999479","2.242399999999634",,,,,,"115",,,"51449856","53219328",,,,,"80"
"sin-negative","{""name"":""negative"",""numerator"":""-7"",""denominator"":""10"",""mode"":""sin""}","legacy","sequential","1000","43.910499999999956","47.338299999999435","5.6348000000002685",,,,,,"329",,,"51511296","53219328",,,,,"214"
"sin-negative","{""name"":""negative"",""numerator"":""-7"",""denominator"":""10"",""mode"":""sin""}","legacy","direct","1000","45.589800000000196","45.589800000000196","5.388500000000022",,,,,,"214",,,"51511296","53219328",,,,,"214"
"sin-negative","{""name"":""negative"",""numerator"":""-7"",""denominator"":""10"",""mode"":""sin""}","sequential","sequential","100","0.6970000000001164","0.6970000000001164","1.188600000000406","134","41","41","209","280","125","268","540","51511296","53219328","41","41","209","280","125"
"sin-negative","{""name"":""negative"",""numerator"":""-7"",""denominator"":""10"",""mode"":""sin""}","sequential","sequential","300","2.845999999999549","3.5429999999996653","2.2609000000002197","334","126","126","638","924","382","668","1340","51519488","53219328","85","85","429","644","257"
"sin-negative","{""name"":""negative"",""numerator"":""-7"",""denominator"":""10"",""mode"":""sin""}","sequential","sequential","1000","31.149900000000343","34.69290000000001","5.864399999999478","1036","345","345","1737","2646","1041","2072","4148","51523584","53219328","219","219","1099","1722","659"
"sin-negative","{""name"":""negative"",""numerator"":""-7"",""denominator"":""10"",""mode"":""sin""}","sequential","direct","1000","30.383499999999913","30.383499999999913","5.46309999999994","1036","219","219","1099","1722","659","2072","4148","51531776","53219328","219","219","1099","1722","659"
"sin-negative","{""name"":""negative"",""numerator"":""-7"",""denominator"":""10"",""mode"":""sin""}","rectangular","sequential","100","0.3550999999997657","0.3550999999997657","0.7677999999996246","134","48","3","47","146","116","268","540","51531776","53219328","48","3","47","146","116"
"sin-negative","{""name"":""negative"",""numerator"":""-7"",""denominator"":""10"",""mode"":""sin""}","rectangular","sequential","300","1.980399999999463","2.3354999999992287","2.47859999999946","334","144","9","106","406","331","668","1340","51539968","53219328","96","6","59","260","215"
"sin-negative","{""name"":""negative"",""numerator"":""-7"",""denominator"":""10"",""mode"":""sin""}","rectangular","sequential","1000","7.645300000000134","9.980799999999363","6.890500000000429","1036","368","23","197","972","810","2072","4148","51539968","53219328","224","14","91","566","479"
"sin-negative","{""name"":""negative"",""numerator"":""-7"",""denominator"":""10"",""mode"":""sin""}","rectangular","direct","1000","8.291000000000167","8.291000000000167","5.357600000000275","1036","224","14","91","566","479","2072","4148","51548160","53219328","224","14","91","566","479"
"sin-negative","{""name"":""negative"",""numerator"":""-7"",""denominator"":""10"",""mode"":""sin""}","binary","sequential","100","1.1408999999994194","1.1408999999994194","0.8230000000003201","134","48","3","234","56","251","585","857","51552256","53219328","48","3","234","56","251"
"sin-negative","{""name"":""negative"",""numerator"":""-7"",""denominator"":""10"",""mode"":""sin""}","binary","sequential","300","2.0597999999999956","3.200699999999415","2.2287999999998647","334","144","9","669","136","736","871","1543","51560448","53219328","96","6","435","80","485"
"sin-negative","{""name"":""negative"",""numerator"":""-7"",""denominator"":""10"",""mode"":""sin""}","binary","sequential","1000","7.647599999999329","10.848299999998744","6.9297999999998865","1036","368","23","1655","282","1845","2072","4148","51576832","53219328","224","14","986","146","1109"
"sin-negative","{""name"":""negative"",""numerator"":""-7"",""denominator"":""10"",""mode"":""sin""}","binary","direct","1000","7.731399999999667","7.731399999999667","6.3344999999999345","1036","224","14","986","146","1109","2072","4148","51597312","53219328","224","14","986","146","1109"
"sin-negative","{""name"":""negative"",""numerator"":""-7"",""denominator"":""10"",""mode"":""sin""}","router","sequential","100","0.5312999999996464","0.5312999999996464","0.7755999999999403","134","41","41","209","280","125","268","540","51597312","53219328","41","41","209","280","125"
"sin-negative","{""name"":""negative"",""numerator"":""-7"",""denominator"":""10"",""mode"":""sin""}","router","sequential","300","1.208799999999428","1.7400999999990745","2.651799999999639","334","137","47","268","540","340","668","1880","51597312","53219328","96","6","59","260","215"
"sin-negative","{""name"":""negative"",""numerator"":""-7"",""denominator"":""10"",""mode"":""sin""}","router","sequential","1000","7.669399999999769","9.409499999998843","6.796200000000681","1036","361","61","359","1106","819","2072","4688","51638272","53219328","224","14","91","566","479"
"sin-negative","{""name"":""negative"",""numerator"":""-7"",""denominator"":""10"",""mode"":""sin""}","router","direct","1000","7.652900000000045","7.652900000000045","6.537099999999555","1036","224","14","91","566","479","2072","4148","51638272","53219328","224","14","91","566","479"
"cos-negative","{""name"":""negative"",""numerator"":""-7"",""denominator"":""10"",""mode"":""cos""}","legacy","sequential","100","0.5772999999999229","0.5772999999999229","0.5934999999999491",,,,,,"36",,,"51666944","53219328",,,,,"36"
"cos-negative","{""name"":""negative"",""numerator"":""-7"",""denominator"":""10"",""mode"":""cos""}","legacy","sequential","300","2.829500000000735","3.4068000000006577","1.7075999999997293",,,,,,"117",,,"51666944","53219328",,,,,"81"
"cos-negative","{""name"":""negative"",""numerator"":""-7"",""denominator"":""10"",""mode"":""cos""}","legacy","sequential","1000","46.69639999999981","50.10320000000047","5.57589999999982",,,,,,"332",,,"51671040","53219328",,,,,"215"
"cos-negative","{""name"":""negative"",""numerator"":""-7"",""denominator"":""10"",""mode"":""cos""}","legacy","direct","1000","47.08650000000034","47.08650000000034","5.341199999999844",,,,,,"215",,,"51679232","53219328",,,,,"215"
"cos-negative","{""name"":""negative"",""numerator"":""-7"",""denominator"":""10"",""mode"":""cos""}","sequential","sequential","100","0.5271999999995387","0.5271999999995387","1.7665999999999258","134","41","41","209","282","125","269","541","51679232","53219328","41","41","209","282","125"
"cos-negative","{""name"":""negative"",""numerator"":""-7"",""denominator"":""10"",""mode"":""cos""}","sequential","sequential","300","2.77350000000024","3.300699999999779","1.7174999999997453","334","127","127","644","932","385","669","1341","51679232","53219328","86","86","435","650","260"
"cos-negative","{""name"":""negative"",""numerator"":""-7"",""denominator"":""10"",""mode"":""cos""}","sequential","sequential","1000","30.71140000000014","34.01209999999992","5.478700000000572","1036","346","346","1743","2656","1044","2073","4149","51679232","53219328","219","219","1099","1724","659"
"cos-negative","{""name"":""negative"",""numerator"":""-7"",""denominator"":""10"",""mode"":""cos""}","sequential","direct","1000","33.54190000000017","33.54190000000017","7.315200000000004","1036","219","219","1099","1724","659","2073","4149","51691520","53219328","219","219","1099","1724","659"
"cos-negative","{""name"":""negative"",""numerator"":""-7"",""denominator"":""10"",""mode"":""cos""}","rectangular","sequential","100","0.47779999999966094","0.47779999999966094","0.9409000000005108","138","32","2","53","96","89","276","556","51691520","53219328","32","2","53","96","89"
"cos-negative","{""name"":""negative"",""numerator"":""-7"",""denominator"":""10"",""mode"":""cos""}","rectangular","sequential","300","1.0550999999995838","1.5328999999992448","2.3911000000007334","340","80","5","118","262","214","680","1364","51691520","53219328","48","3","65","166","125"
"cos-negative","{""name"":""negative"",""numerator"":""-7"",""denominator"":""10"",""mode"":""cos""}","rectangular","sequential","1000","7.214999999999236","8.74789999999848","7.042899999999463","1047","160","10","205","518","412","2094","4192","51589120","53219328","80","5","87","256","198"
"cos-negative","{""name"":""negative"",""numerator"":""-7"",""denominator"":""10"",""mode"":""cos""}","rectangular","direct","1000","6.7917999999999665","6.7917999999999665","8.90099999999984","1047","80","5","87","256","198","2094","4192","51744768","53219328","80","5","87","256","198"
"cos-negative","{""name"":""negative"",""numerator"":""-7"",""denominator"":""10"",""mode"":""cos""}","binary","sequential","100","0.458400000000438","0.458400000000438","0.8443999999999505","138","32","2","153","60","179","529","809","52424704","53219328","32","2","153","60","179"
"cos-negative","{""name"":""negative"",""numerator"":""-7"",""denominator"":""10"",""mode"":""cos""}","binary","sequential","300","1.3065000000005966","1.7649000000010346","1.7910000000001673","340","80","5","405","136","439","790","1474","52748288","53219328","48","3","252","76","260"
"cos-negative","{""name"":""negative"",""numerator"":""-7"",""denominator"":""10"",""mode"":""cos""}","binary","sequential","1000","8.541400000000067","10.306300000001102","7.3257000000003245","1047","160","10","805","242","862","2094","4192","51712000","53219328","80","5","400","106","423"
"cos-negative","{""name"":""negative"",""numerator"":""-7"",""denominator"":""10"",""mode"":""cos""}","binary","direct","1000","6.693500000000313","6.693500000000313","8.050000000000182","1047","80","5","400","106","423","2094","4192","51720192","53219328","80","5","400","106","423"
"cos-negative","{""name"":""negative"",""numerator"":""-7"",""denominator"":""10"",""mode"":""cos""}","router","sequential","100","0.5254000000004453","0.5254000000004453","0.6049999999995634","134","41","41","209","282","125","269","541","51736576","53219328","41","41","209","282","125"
"cos-negative","{""name"":""negative"",""numerator"":""-7"",""denominator"":""10"",""mode"":""cos""}","router","sequential","300","1.0674999999991996","1.592899999999645","1.7115999999996347","340","89","44","274","448","250","680","1905","51736576","53219328","48","3","65","166","125"
"cos-negative","{""name"":""negative"",""numerator"":""-7"",""denominator"":""10"",""mode"":""cos""}","router","sequential","1000","7.2521999999999025","8.845099999999547","6.382999999999811","1047","169","49","361","704","448","2094","4733","51736576","53219328","80","5","87","256","198"
"cos-negative","{""name"":""negative"",""numerator"":""-7"",""denominator"":""10"",""mode"":""cos""}","router","direct","1000","6.96560000000045","6.96560000000045","6.401800000000549","1047","80","5","87","256","198","2094","4192","51818496","53219328","80","5","87","256","198"
"cos-negative","{""name"":""negative"",""numerator"":""-7"",""denominator"":""10"",""mode"":""cos""}","rectangular:0","sequential","100","0.35159999999996217","0.35159999999996217","0.5981000000001586","134","48","3","47","146","116","268","540","51818496","53219328","48","3","47","146","116"
"cos-negative","{""name"":""negative"",""numerator"":""-7"",""denominator"":""10"",""mode"":""cos""}","rectangular:0","sequential","300","1.1711000000004788","1.522700000000441","1.689300000000003","334","144","9","106","406","331","668","1340","51818496","53219328","96","6","59","260","215"
"cos-negative","{""name"":""negative"",""numerator"":""-7"",""denominator"":""10"",""mode"":""cos""}","rectangular:0","sequential","1000","8.94839999999931","10.471099999999751","5.824900000000525","1036","368","23","197","972","810","2072","4148","51818496","53219328","224","14","91","566","479"
"cos-negative","{""name"":""negative"",""numerator"":""-7"",""denominator"":""10"",""mode"":""cos""}","rectangular:0","direct","1000","7.7992999999996755","7.7992999999996755","8.080500000000029","1036","224","14","91","566","479","2072","4148","51683328","53219328","224","14","91","566","479"
"cos-negative","{""name"":""negative"",""numerator"":""-7"",""denominator"":""10"",""mode"":""cos""}","binary:0","sequential","100","0.519800000000032","0.519800000000032","0.6549999999997453","134","48","3","234","56","251","584","856","51748864","53219328","48","3","234","56","251"
"cos-negative","{""name"":""negative"",""numerator"":""-7"",""denominator"":""10"",""mode"":""cos""}","binary:0","sequential","300","1.535899999999856","2.055699999999888","1.8317999999999302","334","144","9","669","136","736","870","1542","51752960","53219328","96","6","435","80","485"
"cos-negative","{""name"":""negative"",""numerator"":""-7"",""denominator"":""10"",""mode"":""cos""}","binary:0","sequential","1000","8.530999999999949","10.586699999999837","5.420900000000074","1036","368","23","1655","282","1845","2072","4148","51769344","53219328","224","14","986","146","1109"
"cos-negative","{""name"":""negative"",""numerator"":""-7"",""denominator"":""10"",""mode"":""cos""}","binary:0","direct","1000","9.489999999999782","9.489999999999782","5.43539999999939","1036","224","14","986","146","1109","2072","4148","51789824","53219328","224","14","986","146","1109"
"cos-negative","{""name"":""negative"",""numerator"":""-7"",""denominator"":""10"",""mode"":""cos""}","binary:8","sequential","100","0.45869999999922584","0.45869999999922584","0.5877000000000407","140","32","2","149","64","181","531","815","51793920","53219328","32","2","149","64","181"
"cos-negative","{""name"":""negative"",""numerator"":""-7"",""denominator"":""10"",""mode"":""cos""}","binary:8","sequential","300","1.1261999999996988","1.5848999999989246","1.6863000000003012","340","80","5","399","138","440","790","1474","51798016","53219328","48","3","250","74","259"
"cos-negative","{""name"":""negative"",""numerator"":""-7"",""denominator"":""10"",""mode"":""cos""}","binary:8","sequential","1000","8.023599999999533","9.608499999998457","6.375800000000709","1042","208","13","987","252","1089","2084","4172","51806208","53219328","128","8","588","114","649"
"cos-negative","{""name"":""negative"",""numerator"":""-7"",""denominator"":""10"",""mode"":""cos""}","binary:8","direct","1000","8.325600000000122","8.325600000000122","5.439099999999598","1042","128","8","588","114","649","2084","4172","52015104","53219328","128","8","588","114","649"
"cos-negative","{""name"":""negative"",""numerator"":""-7"",""denominator"":""10"",""mode"":""cos""}","bit-burst","sequential","100","2.149800000000141","2.149800000000141","0.5919999999996435","134","288","18",,,"1538",,,"52035584","53219328","288","18",,,"1538"
"cos-negative","{""name"":""negative"",""numerator"":""-7"",""denominator"":""10"",""mode"":""cos""}","bit-burst","sequential","300","8.71770000000015","10.867500000000291","1.7136000000000422","334","736","46",,,"3875",,,"52101120","53219328","448","28",,,"2337"
"cos-negative","{""name"":""negative"",""numerator"":""-7"",""denominator"":""10"",""mode"":""cos""}","bit-burst","sequential","1000","42.551800000000185","53.419300000000476","6.924999999999272","1036","1696","106",,,"8746",,,"52219904","53219328","960","60",,,"4871"
"cos-negative","{""name"":""negative"",""numerator"":""-7"",""denominator"":""10"",""mode"":""cos""}","bit-burst","direct","1000","46.38270000000011","46.38270000000011","5.585699999999633","1036","960","60",,,"4871",,,"52441088","53219328","960","60",,,"4871"
"both-negative","{""name"":""negative"",""numerator"":""-7"",""denominator"":""10"",""mode"":""both""}","legacy","sequential","100","2.2100000000000364","2.2100000000000364","1.1562000000003536",,,,,,"71",,,"53686272","53694464",,,,,"71"
"both-negative","{""name"":""negative"",""numerator"":""-7"",""denominator"":""10"",""mode"":""both""}","legacy","sequential","300","6.769800000000032","8.979800000000068","4.517399999999725",,,,,,"232",,,"56115200","56115200",,,,,"161"
"both-negative","{""name"":""negative"",""numerator"":""-7"",""denominator"":""10"",""mode"":""both""}","legacy","sequential","1000","92.01869999999963","100.9984999999997","27.057599999999184",,,,,,"661",,,"52674560","62185472",,,,,"429"
"both-negative","{""name"":""negative"",""numerator"":""-7"",""denominator"":""10"",""mode"":""both""}","legacy","direct","1000","88.64639999999963","88.64639999999963","25.779599999999846",,,,,,"429",,,"52752384","62185472",,,,,"429"
"both-negative","{""name"":""negative"",""numerator"":""-7"",""denominator"":""10"",""mode"":""both""}","sequential","sequential","100","1.034599999999955","1.034599999999955","1.4587000000001353","134","82","82","413","556","248","269","809","52756480","62185472","82","82","413","556","248"
"both-negative","{""name"":""negative"",""numerator"":""-7"",""denominator"":""10"",""mode"":""both""}","sequential","sequential","300","4.492999999999483","5.527599999999438","3.9129000000002634","334","253","253","1272","1844","763","669","2009","52756480","62185472","171","171","859","1288","515"
"both-negative","{""name"":""negative"",""numerator"":""-7"",""denominator"":""10"",""mode"":""both""}","sequential","sequential","1000","62.99749999999949","68.52509999999893","26.021300000000338","1036","691","691","3465","5284","2079","2073","6221","52756480","62185472","438","438","2193","3440","1316"
"both-negative","{""name"":""negative"",""numerator"":""-7"",""denominator"":""10"",""mode"":""both""}","sequential","direct","1000","60.64599999999973","60.64599999999973","23.53150000000005","1036","438","438","2193","3440","1316","2073","6221","52789248","62185472","438","438","2193","3440","1316"
"both-negative","{""name"":""negative"",""numerator"":""-7"",""denominator"":""10"",""mode"":""both""}","rectangular","sequential","100","0.6977999999999156","0.6977999999999156","1.1220000000002983","138","64","4","71","156","155","276","832","52682752","62185472","64","4","71","156","155"
"both-negative","{""name"":""negative"",""numerator"":""-7"",""denominator"":""10"",""mode"":""both""}","rectangular","sequential","300","1.811800000000403","2.5096000000003187","4.717099999999846","340","160","10","166","452","379","680","2044","52682752","62185472","96","6","95","296","224"
"both-negative","{""name"":""negative"",""numerator"":""-7"",""denominator"":""10"",""mode"":""both""}","rectangular","sequential","1000","11.77310000000034","14.28270000000066","25.72739999999976","1047","320","20","305","928","742","2094","6286","52703232","62185472","160","10","139","476","363"
"both-negative","{""name"":""negative"",""numerator"":""-7"",""denominator"":""10"",""mode"":""both""}","rectangular","direct","1000","12.028800000000047","12.028800000000047","26.2467000000006","1047","160","10","139","476","363","2094","6286","52809728","62185472","160","10","139","476","363"
"both-negative","{""name"":""negative"",""numerator"":""-7"",""denominator"":""10"",""mode"":""both""}","binary","sequential","100","0.754399999999805","0.754399999999805","1.1247999999995955","138","64","4","271","84","335","531","1087","52830208","62185472","64","4","271","84","335"
"both-negative","{""name"":""negative"",""numerator"":""-7"",""denominator"":""10"",""mode"":""both""}","binary","sequential","300","2.0164999999997235","2.7708999999995285","5.069300000000112","340","160","10","740","200","829","791","2155","52838400","62185472","96","6","469","116","494"
"both-negative","{""name"":""negative"",""numerator"":""-7"",""denominator"":""10"",""mode"":""both""}","binary","sequential","1000","12.302400000000489","15.073300000000017","26.363800000000083","1047","320","20","1505","376","1642","2094","6286","52854784","62185472","160","10","765","176","813"
"both-negative","{""name"":""negative"",""numerator"":""-7"",""denominator"":""10"",""mode"":""both""}","binary","direct","1000","13.580500000000029","13.580500000000029","26.966300000000047","1047","160","10","765","176","813","2094","6286","52891648","62185472","160","10","765","176","813"
"both-negative","{""name"":""negative"",""numerator"":""-7"",""denominator"":""10"",""mode"":""both""}","router","sequential","100","1.1912999999995009","1.1912999999995009","1.1993000000002212","134","82","82","413","556","248","269","809","52912128","62185472","82","82","413","556","248"
"both-negative","{""name"":""negative"",""numerator"":""-7"",""denominator"":""10"",""mode"":""both""}","router","sequential","300","2.17450000000008","3.365799999999581","3.5697000000000116","340","178","88","508","852","472","680","2853","52928512","62185472","96","6","95","296","224"
"both-negative","{""name"":""negative"",""numerator"":""-7"",""denominator"":""10"",""mode"":""both""}","router","sequential","1000","13.395599999999831","16.761399999999412","26.08690000000024","1047","338","98","647","1328","835","2094","7095","52928512","62185472","160","10","139","476","363"
"both-negative","{""name"":""negative"",""numerator"":""-7"",""denominator"":""10"",""mode"":""both""}","router","direct","1000","12.993199999999888","12.993199999999888","26.13889999999992","1047","160","10","139","476","363","2094","6286","52936704","62185472","160","10","139","476","363"
"both-negative","{""name"":""negative"",""numerator"":""-7"",""denominator"":""10"",""mode"":""both""}","rectangular:0","sequential","100","0.7632999999996173","0.7632999999996173","2.2008999999998196","134","96","6","59","256","215","268","808","52940800","62185472","96","6","59","256","215"
"both-negative","{""name"":""negative"",""numerator"":""-7"",""denominator"":""10"",""mode"":""both""}","rectangular:0","sequential","300","2.1198999999996886","2.883199999999306","4.5670999999993","334","288","18","142","740","628","668","2008","52944896","62185472","192","12","83","484","413"
"both-negative","{""name"":""negative"",""numerator"":""-7"",""denominator"":""10"",""mode"":""both""}","rectangular:0","sequential","1000","13.960599999999431","16.843799999998737","25.374700000000303","1036","736","46","289","1836","1569","2072","6220","52944896","62185472","448","28","147","1096","941"
"both-negative","{""name"":""negative"",""numerator"":""-7"",""denominator"":""10"",""mode"":""both""}","rectangular:0","direct","1000","16.521899999999732","16.521899999999732","23.913300000000163","1036","448","28","147","1096","941","2072","6220","52699136","62185472","448","28","147","1096","941"
"both-negative","{""name"":""negative"",""numerator"":""-7"",""denominator"":""10"",""mode"":""both""}","binary:0","sequential","100","0.8451000000004569","0.8451000000004569","1.196100000000115","134","96","6","433","76","485","585","1125","52740096","62185472","96","6","433","76","485"
"both-negative","{""name"":""negative"",""numerator"":""-7"",""denominator"":""10"",""mode"":""both""}","binary:0","sequential","300","3.1449000000002343","3.990000000000691","3.6161999999994805","334","288","18","1268","200","1438","871","2211","52756480","62185472","192","12","835","124","953"
"both-negative","{""name"":""negative"",""numerator"":""-7"",""denominator"":""10"",""mode"":""both""}","binary:0","sequential","1000","16.28809999999976","20.27810000000045","30.3096000000005","1036","736","46","3205","456","3639","2072","6220","52826112","62185472","448","28","1937","256","2201"
"both-negative","{""name"":""negative"",""numerator"":""-7"",""denominator"":""10"",""mode"":""both""}","binary:0","direct","1000","16.196899999999914","16.196899999999914","26.787900000000263","1036","448","28","1937","256","2201","2072","6220","53035008","62185472","448","28","1937","256","2201"
"both-negative","{""name"":""negative"",""numerator"":""-7"",""denominator"":""10"",""mode"":""both""}","binary:8","sequential","100","0.7614000000003216","0.7614000000003216","4.696200000000317","140","64","4","263","92","337","533","1097","53059584","62185472","64","4","263","92","337"
"both-negative","{""name"":""negative"",""numerator"":""-7"",""denominator"":""10"",""mode"":""both""}","binary:8","sequential","300","3.165200000000368","3.9266000000006898","5.025200000000041","340","160","10","728","204","830","791","2155","53067776","62185472","96","6","465","112","493"
"both-negative","{""name"":""negative"",""numerator"":""-7"",""denominator"":""10"",""mode"":""both""}","binary:8","sequential","1000","14.373500000000604","18.300100000001294","28.343300000000454","1042","416","26","1869","396","2103","2084","6256","53166080","62185472","256","16","1141","192","1273"
"both-negative","{""name"":""negative"",""numerator"":""-7"",""denominator"":""10"",""mode"":""both""}","binary:8","direct","1000","14.242400000000089","14.242400000000089","25.05959999999959","1042","256","16","1141","192","1273","2084","6256","53215232","62185472","256","16","1141","192","1273"
"both-negative","{""name"":""negative"",""numerator"":""-7"",""denominator"":""10"",""mode"":""both""}","bit-burst","sequential","100","2.1904999999997017","2.1904999999997017","1.1334999999999127","134","288","18",,,"1538",,,"53334016","62185472","288","18",,,"1538"
"both-negative","{""name"":""negative"",""numerator"":""-7"",""denominator"":""10"",""mode"":""both""}","bit-burst","sequential","300","7.983000000000175","10.173499999999876","5.398299999999836","334","736","46",,,"3875",,,"53366784","62185472","448","28",,,"2337"
"both-negative","{""name"":""negative"",""numerator"":""-7"",""denominator"":""10"",""mode"":""both""}","bit-burst","sequential","1000","46.6233000000002","56.796800000000076","29.26630000000023","1036","1696","106",,,"8746",,,"53149696","62185472","960","60",,,"4871"
"both-negative","{""name"":""negative"",""numerator"":""-7"",""denominator"":""10"",""mode"":""both""}","bit-burst","direct","1000","44.35649999999987","44.35649999999987","25.8795999999993","1036","960","60",,,"4871",,,"53514240","62185472","960","60",,,"4871"
"sin-tiny","{""name"":""tiny"",""numerator"":""1"",""denominator"":""100000000000000000000000000000000000000000000000000"",""nearZeroDigits"":50,""mode"":""sin""}","legacy","sequential","100","0.13950000000022555","0.13950000000022555","0.5383999999994558",,,,,,"2",,,"53592064","62185472",,,,,"2"
"sin-tiny","{""name"":""tiny"",""numerator"":""1"",""denominator"":""100000000000000000000000000000000000000000000000000"",""nearZeroDigits"":50,""mode"":""sin""}","legacy","sequential","300","0.25460000000020955","0.3941000000004351","1.3481000000001586",,,,,,"6",,,"53592064","62185472",,,,,"4"
"sin-tiny","{""name"":""tiny"",""numerator"":""1"",""denominator"":""100000000000000000000000000000000000000000000000000"",""nearZeroDigits"":50,""mode"":""sin""}","legacy","sequential","1000","2.6939999999995052","3.0880999999999403","9.993899999999485",,,,,,"16",,,"53592064","62185472",,,,,"10"
"sin-tiny","{""name"":""tiny"",""numerator"":""1"",""denominator"":""100000000000000000000000000000000000000000000000000"",""nearZeroDigits"":50,""mode"":""sin""}","legacy","direct","1000","2.715800000000854","2.715800000000854","8.262700000000223",,,,,,"10",,,"53633024","62185472",,,,,"10"
"sin-tiny","{""name"":""tiny"",""numerator"":""1"",""denominator"":""100000000000000000000000000000000000000000000000000"",""nearZeroDigits"":50,""mode"":""sin""}","sequential","sequential","100","0.14210000000002765","0.14210000000002765","0.6279999999997017","184","2","2","13","18","8","319","640","53633024","62185472","2","2","13","18","8"
"sin-tiny","{""name"":""tiny"",""numerator"":""1"",""denominator"":""100000000000000000000000000000000000000000000000000"",""nearZeroDigits"":50,""mode"":""sin""}","sequential","sequential","300","0.29579999999987194","0.4378999999998996","1.6257000000005064","384","6","6","38","52","22","719","1440","53637120","62185472","4","4","25","34","14"
"sin-tiny","{""name"":""tiny"",""numerator"":""1"",""denominator"":""100000000000000000000000000000000000000000000000000"",""nearZeroDigits"":50,""mode"":""sin""}","sequential","sequential","1000","2.755500000000211","3.1934000000001106","7.872599999999693","1086","17","17","97","142","57","2123","4248","53637120","62185472","11","11","59","90","35"
"sin-tiny","{""name"":""tiny"",""numerator"":""1"",""denominator"":""100000000000000000000000000000000000000000000000000"",""nearZeroDigits"":50,""mode"":""sin""}","sequential","direct","1000","4.366699999999582","4.366699999999582","7.198900000000322","1086","11","11","59","90","35","2123","4248","53637120","62185472","11","11","59","90","35"
"sin-tiny","{""name"":""tiny"",""numerator"":""1"",""denominator"":""100000000000000000000000000000000000000000000000000"",""nearZeroDigits"":50,""mode"":""sin""}","rectangular","sequential","100","0.08820000000014261","0.08820000000014261","0.5536000000001877","184","16","1","9","42","50","318","639","53637120","62185472","16","1","9","42","50"
"sin-tiny","{""name"":""tiny"",""numerator"":""1"",""denominator"":""100000000000000000000000000000000000000000000000000"",""nearZeroDigits"":50,""mode"":""sin""}","rectangular","sequential","300","0.25970000000052096","0.34790000000066357","1.8083999999998923","384","32","2","48","88","100","718","1439","53637120","62185472","16","1","39","46","50"
"sin-tiny","{""name"":""tiny"",""numerator"":""1"",""denominator"":""100000000000000000000000000000000000000000000000000"",""nearZeroDigits"":50,""mode"":""sin""}","rectangular","sequential","1000","2.5864000000001397","2.9343000000008033","7.644000000000233","1086","48","3","87","148","150","2122","4247","53649408","62185472","16","1","39","60","50"
"sin-tiny","{""name"":""tiny"",""numerator"":""1"",""denominator"":""100000000000000000000000000000000000000000000000000"",""nearZeroDigits"":50,""mode"":""sin""}","rectangular","direct","1000","2.0974999999998545","2.0974999999998545","8.36790000000019","1086","16","1","39","60","50","2122","4247","53649408","62185472","16","1","39","60","50"
"sin-tiny","{""name"":""tiny"",""numerator"":""1"",""denominator"":""100000000000000000000000000000000000000000000000000"",""nearZeroDigits"":50,""mode"":""sin""}","binary","sequential","100","0.15790000000015425","0.15790000000015425","0.5682999999999083","184","16","1","23","42","95","418","739","53661696","62185472","16","1","23","42","95"
"sin-tiny","{""name"":""tiny"",""numerator"":""1"",""denominator"":""100000000000000000000000000000000000000000000000000"",""nearZeroDigits"":50,""mode"":""sin""}","binary","sequential","300","0.3091000000003987","0.467000000000553","1.5518000000001848","384","32","2","82","84","190","718","1439","53661696","62185472","16","1","59","42","95"
"sin-tiny","{""name"":""tiny"",""numerator"":""1"",""denominator"":""100000000000000000000000000000000000000000000000000"",""nearZeroDigits"":50,""mode"":""sin""}","binary","sequential","1000","2.2098000000005413","2.6768000000010943","7.214899999999943","1086","48","3","165","126","285","2122","4247","53665792","62185472","16","1","83","42","95"
"sin-tiny","{""name"":""tiny"",""numerator"":""1"",""denominator"":""100000000000000000000000000000000000000000000000000"",""nearZeroDigits"":50,""mode"":""sin""}","binary","direct","1000","3.1437000000005355","3.1437000000005355","8.082899999999427","1086","16","1","83","42","95","2122","4247","53665792","62185472","16","1","83","42","95"
"sin-tiny","{""name"":""tiny"",""numerator"":""1"",""denominator"":""100000000000000000000000000000000000000000000000000"",""nearZeroDigits"":50,""mode"":""sin""}","router","sequential","100","0.10130000000026484","0.10130000000026484","0.5510000000003856","184","16","1","9","42","50","318","639","53682176","62185472","16","1","9","42","50"
"sin-tiny","{""name"":""tiny"",""numerator"":""1"",""denominator"":""100000000000000000000000000000000000000000000000000"",""nearZeroDigits"":50,""mode"":""sin""}","router","sequential","300","0.25939999999991414","0.360700000000179","1.355000000000473","384","32","2","48","88","100","718","1439","53682176","62185472","16","1","39","46","50"
"sin-tiny","{""name"":""tiny"",""numerator"":""1"",""denominator"":""100000000000000000000000000000000000000000000000000"",""nearZeroDigits"":50,""mode"":""sin""}","router","sequential","1000","3.394499999999425","3.755199999999604","8.043799999999464","1086","48","3","87","148","150","2122","4247","53682176","62185472","16","1","39","60","50"
"sin-tiny","{""name"":""tiny"",""numerator"":""1"",""denominator"":""100000000000000000000000000000000000000000000000000"",""nearZeroDigits"":50,""mode"":""sin""}","router","direct","1000","2.132999999999811","2.132999999999811","8.018000000000029","1086","16","1","39","60","50","2122","4247","53702656","62185472","16","1","39","60","50"
"cos-tiny","{""name"":""tiny"",""numerator"":""1"",""denominator"":""100000000000000000000000000000000000000000000000000"",""nearZeroDigits"":50,""mode"":""cos""}","legacy","sequential","100","0.12489999999979773","0.12489999999979773","0.5226000000002387",,,,,,"2",,,"53702656","62185472",,,,,"2"
"cos-tiny","{""name"":""tiny"",""numerator"":""1"",""denominator"":""100000000000000000000000000000000000000000000000000"",""nearZeroDigits"":50,""mode"":""cos""}","legacy","sequential","300","0.27180000000043947","0.3967000000002372","1.4329999999999927",,,,,,"6",,,"53702656","62185472",,,,,"4"
"cos-tiny","{""name"":""tiny"",""numerator"":""1"",""denominator"":""100000000000000000000000000000000000000000000000000"",""nearZeroDigits"":50,""mode"":""cos""}","legacy","sequential","1000","2.7283000000006723","3.1250000000009095","4.868799999999283",,,,,,"17",,,"53702656","62185472",,,,,"11"
"cos-tiny","{""name"":""tiny"",""numerator"":""1"",""denominator"":""100000000000000000000000000000000000000000000000000"",""nearZeroDigits"":50,""mode"":""cos""}","legacy","direct","1000","2.7646999999997206","2.7646999999997206","5.909899999999652",,,,,,"11",,,"53706752","62185472",,,,,"11"
"cos-tiny","{""name"":""tiny"",""numerator"":""1"",""denominator"":""100000000000000000000000000000000000000000000000000"",""nearZeroDigits"":50,""mode"":""cos""}","sequential","sequential","100","0.08990000000085274","0.08990000000085274","0.48369999999977153","184","2","2","13","18","8","369","790","53706752","62185472","2","2","13","18","8"
"cos-tiny","{""name"":""tiny"",""numerator"":""1"",""denominator"":""100000000000000000000000000000000000000000000000000"",""nearZeroDigits"":50,""mode"":""cos""}","sequential","sequential","300","0.2962999999999738","0.38620000000082655","1.2780000000002474","384","6","6","38","52","22","769","1590","53706752","62185472","4","4","25","34","14"
"cos-tiny","{""name"":""tiny"",""numerator"":""1"",""denominator"":""100000000000000000000000000000000000000000000000000"",""nearZeroDigits"":50,""mode"":""cos""}","sequential","sequential","1000","2.6958000000004176","3.082000000001244","5.61449999999968","1086","17","17","97","142","57","2173","4398","53706752","62185472","11","11","59","90","35"
"cos-tiny","{""name"":""tiny"",""numerator"":""1"",""denominator"":""100000000000000000000000000000000000000000000000000"",""nearZeroDigits"":50,""mode"":""cos""}","sequential","direct","1000","3.7880000000004657","3.7880000000004657","5.71520000000055","1086","11","11","59","90","35","2173","4398","53706752","62185472","11","11","59","90","35"
"cos-tiny","{""name"":""tiny"",""numerator"":""1"",""denominator"":""100000000000000000000000000000000000000000000000000"",""nearZeroDigits"":50,""mode"":""cos""}","rectangular","sequential","100","0.12889999999970314","0.12889999999970314","0.47260000000005675","189","16","1","23","56","57","378","809","53878784","62185472","16","1","23","56","57"
"cos-tiny","{""name"":""tiny"",""numerator"":""1"",""denominator"":""100000000000000000000000000000000000000000000000000"",""nearZeroDigits"":50,""mode"":""cos""}","rectangular","sequential","300","0.5577000000002954","0.6865999999999985","1.3018999999994776","391","32","2","82","122","117","782","1617","53878784","62185472","16","1","59","66","60"
"cos-tiny","{""name"":""tiny"",""numerator"":""1"",""denominator"":""100000000000000000000000000000000000000000000000000"",""nearZeroDigits"":50,""mode"":""cos""}","rectangular","sequential","1000","4.040899999999965","4.727499999999964","5.093499999999949","1098","48","3","155","216","184","2196","4445","53878784","62185472","16","1","73","94","67"
"cos-tiny","{""name"":""tiny"",""numerator"":""1"",""denominator"":""100000000000000000000000000000000000000000000000000"",""nearZeroDigits"":50,""mode"":""cos""}","rectangular","direct","1000","4.117699999999786","4.117699999999786","4.887899999999718","1098","16","1","73","94","67","2196","4445","53878784","62185472","16","1","73","94","67"
"cos-tiny","{""name"":""tiny"",""numerator"":""1"",""denominator"":""100000000000000000000000000000000000000000000000000"",""nearZeroDigits"":50,""mode"":""cos""}","binary","sequential","100","0.19239999999990687","0.19239999999990687","0.4958999999998923","189","16","1","37","56","102","406","837","53895168","62185472","16","1","37","56","102"
"cos-tiny","{""name"":""tiny"",""numerator"":""1"",""denominator"":""100000000000000000000000000000000000000000000000000"",""nearZeroDigits"":50,""mode"":""cos""}","binary","sequential","300","0.5070999999998094","0.6994999999997162","1.4555999999993219","391","32","2","116","118","207","782","1617","53895168","62185472","16","1","79","62","105"
"cos-tiny","{""name"":""tiny"",""numerator"":""1"",""denominator"":""100000000000000000000000000000000000000000000000000"",""nearZeroDigits"":50,""mode"":""cos""}","binary","sequential","1000","4.500300000000607","5.199800000000323","4.690099999999802","1098","48","3","231","194","319","2196","4445","53895168","62185472","16","1","115","76","112"
"cos-tiny","{""name"":""tiny"",""numerator"":""1"",""denominator"":""100000000000000000000000000000000000000000000000000"",""nearZeroDigits"":50,""mode"":""cos""}","binary","direct","1000","4.100100000000566","4.100100000000566","6.068299999999908","1098","16","1","115","76","112","2196","4445","53899264","62185472","16","1","115","76","112"
"cos-tiny","{""name"":""tiny"",""numerator"":""1"",""denominator"":""100000000000000000000000000000000000000000000000000"",""nearZeroDigits"":50,""mode"":""cos""}","router","sequential","100","0.14699999999993452","0.14699999999993452","0.6680000000005748","189","16","1","23","56","57","378","809","53911552","62185472","16","1","23","56","57"
"cos-tiny","{""name"":""tiny"",""numerator"":""1"",""denominator"":""100000000000000000000000000000000000000000000000000"",""nearZeroDigits"":50,""mode"":""cos""}","router","sequential","300","0.4764999999997599","0.6234999999996944","1.4261999999998807","391","32","2","82","122","117","782","1617","53911552","62185472","16","1","59","66","60"
"cos-tiny","{""name"":""tiny"",""numerator"":""1"",""denominator"":""100000000000000000000000000000000000000000000000000"",""nearZeroDigits"":50,""mode"":""cos""}","router","sequential","1000","4.004700000000412","4.628200000000106","4.7137000000002445","1098","48","3","155","216","184","2196","4445","53911552","62185472","16","1","73","94","67"
"cos-tiny","{""name"":""tiny"",""numerator"":""1"",""denominator"":""100000000000000000000000000000000000000000000000000"",""nearZeroDigits"":50,""mode"":""cos""}","router","direct","1000","5.394600000000537","5.394600000000537","4.600099999999657","1098","16","1","73","94","67","2196","4445","53911552","62185472","16","1","73","94","67"
"cos-tiny","{""name"":""tiny"",""numerator"":""1"",""denominator"":""100000000000000000000000000000000000000000000000000"",""nearZeroDigits"":50,""mode"":""cos""}","rectangular:0","sequential","100","0.07769999999982247","0.07769999999982247","0.5148999999992157","184","16","1","9","42","50","368","789","53911552","62185472","16","1","9","42","50"
"cos-tiny","{""name"":""tiny"",""numerator"":""1"",""denominator"":""100000000000000000000000000000000000000000000000000"",""nearZeroDigits"":50,""mode"":""cos""}","rectangular:0","sequential","300","0.3333999999995285","0.411099999999351","1.8202000000001135","384","32","2","48","88","100","768","1589","53911552","62185472","16","1","39","46","50"
"cos-tiny","{""name"":""tiny"",""numerator"":""1"",""denominator"":""100000000000000000000000000000000000000000000000000"",""nearZeroDigits"":50,""mode"":""cos""}","rectangular:0","sequential","1000","2.0437999999994645","2.4548999999988155","5.6829000000007","1086","48","3","87","148","150","2172","4397","53927936","62185472","16","1","39","60","50"
"cos-tiny","{""name"":""tiny"",""numerator"":""1"",""denominator"":""100000000000000000000000000000000000000000000000000"",""nearZeroDigits"":50,""mode"":""cos""}","rectangular:0","direct","1000","2.032600000000457","2.032600000000457","4.695499999999811","1086","16","1","39","60","50","2172","4397","53927936","62185472","16","1","39","60","50"
"cos-tiny","{""name"":""tiny"",""numerator"":""1"",""denominator"":""100000000000000000000000000000000000000000000000000"",""nearZeroDigits"":50,""mode"":""cos""}","binary:0","sequential","100","0.15800000000035652","0.15800000000035652","0.4724000000005617","184","16","1","23","42","95","401","822","53932032","62185472","16","1","23","42","95"
"cos-tiny","{""name"":""tiny"",""numerator"":""1"",""denominator"":""100000000000000000000000000000000000000000000000000"",""nearZeroDigits"":50,""mode"":""cos""}","binary:0","sequential","300","0.30860000000029686","0.4666000000006534","1.279000000000451","384","32","2","82","84","190","768","1589","53932032","62185472","16","1","59","42","95"
"cos-tiny","{""name"":""tiny"",""numerator"":""1"",""denominator"":""100000000000000000000000000000000000000000000000000"",""nearZeroDigits"":50,""mode"":""cos""}","binary:0","sequential","1000","2.871200000000499","3.3378000000011525","5.565099999999802","1086","48","3","165","126","285","2172","4397","53936128","62185472","16","1","83","42","95"
"cos-tiny","{""name"":""tiny"",""numerator"":""1"",""denominator"":""100000000000000000000000000000000000000000000000000"",""nearZeroDigits"":50,""mode"":""cos""}","binary:0","direct","1000","2.130500000000211","2.130500000000211","4.537900000000263","1086","16","1","83","42","95","2172","4397","53944320","62185472","16","1","83","42","95"
"cos-tiny","{""name"":""tiny"",""numerator"":""1"",""denominator"":""100000000000000000000000000000000000000000000000000"",""nearZeroDigits"":50,""mode"":""cos""}","binary:8","sequential","100","0.1938000000000102","0.1938000000000102","0.47670000000016444","190","16","1","39","58","103","407","840","53944320","62185472","16","1","39","58","103"
"cos-tiny","{""name"":""tiny"",""numerator"":""1"",""denominator"":""100000000000000000000000000000000000000000000000000"",""nearZeroDigits"":50,""mode"":""cos""}","binary:8","sequential","300","0.5222999999996318","0.716099999999642","1.8591999999998734","390","32","2","114","116","206","780","1613","53948416","62185472","16","1","75","58","103"
"cos-tiny","{""name"":""tiny"",""numerator"":""1"",""denominator"":""100000000000000000000000000000000000000000000000000"",""nearZeroDigits"":50,""mode"":""cos""}","binary:8","sequential","1000","4.585000000000036","5.301099999999678","5.241700000000492","1092","48","3","211","174","309","2184","4421","53948416","62185472","16","1","97","58","103"
"cos-tiny","{""name"":""tiny"",""numerator"":""1"",""denominator"":""100000000000000000000000000000000000000000000000000"",""nearZeroDigits"":50,""mode"":""cos""}","binary:8","direct","1000","3.087300000000141","3.087300000000141","5.905500000000757","1092","16","1","97","58","103","2184","4421","53972992","62185472","16","1","97","58","103"
"cos-tiny","{""name"":""tiny"",""numerator"":""1"",""denominator"":""100000000000000000000000000000000000000000000000000"",""nearZeroDigits"":50,""mode"":""cos""}","bit-burst","sequential","100","1.6059000000004744","1.6059000000004744","0.4925999999995838","184","224","14",,,"1226",,,"53809152","62185472","224","14",,,"1226"
"cos-tiny","{""name"":""tiny"",""numerator"":""1"",""denominator"":""100000000000000000000000000000000000000000000000000"",""nearZeroDigits"":50,""mode"":""cos""}","bit-burst","sequential","300","3.264100000000326","4.8700000000008","2.3308999999999287","384","480","30",,,"2627",,,"53825536","62185472","256","16",,,"1401"
"cos-tiny","{""name"":""tiny"",""numerator"":""1"",""denominator"":""100000000000000000000000000000000000000000000000000"",""nearZeroDigits"":50,""mode"":""cos""}","bit-burst","sequential","1000","20.8088000000007","25.6788000000015","8.283700000000863","1086","800","50",,,"4378",,,"53923840","62185472","320","20",,,"1751"
"cos-tiny","{""name"":""tiny"",""numerator"":""1"",""denominator"":""100000000000000000000000000000000000000000000000000"",""nearZeroDigits"":50,""mode"":""cos""}","bit-burst","direct","1000","37.90360000000055","37.90360000000055","4.748700000000099","1086","320","20",,,"1751",,,"53829632","62185472","320","20",,,"1751"
"both-tiny","{""name"":""tiny"",""numerator"":""1"",""denominator"":""100000000000000000000000000000000000000000000000000"",""nearZeroDigits"":50,""mode"":""both""}","legacy","sequential","100","0.11210000000028231","0.11210000000028231","1.0737000000008265",,,,,,"4",,,"53829632","62185472",,,,,"4"
"both-tiny","{""name"":""tiny"",""numerator"":""1"",""denominator"":""100000000000000000000000000000000000000000000000000"",""nearZeroDigits"":50,""mode"":""both""}","legacy","sequential","300","1.2527000000000044","1.3648000000002867","2.5243000000000393",,,,,,"12",,,"54009856","62185472",,,,,"8"
"both-tiny","{""name"":""tiny"",""numerator"":""1"",""denominator"":""100000000000000000000000000000000000000000000000000"",""nearZeroDigits"":50,""mode"":""both""}","legacy","sequential","1000","5.462700000000041","6.827500000000327","18.459899999999834",,,,,,"33",,,"54009856","62185472",,,,,"21"
"both-tiny","{""name"":""tiny"",""numerator"":""1"",""denominator"":""100000000000000000000000000000000000000000000000000"",""nearZeroDigits"":50,""mode"":""both""}","legacy","direct","1000","6.392399999999725","6.392399999999725","18.756400000000212",,,,,,"21",,,"54054912","62185472",,,,,"21"
"both-tiny","{""name"":""tiny"",""numerator"":""1"",""denominator"":""100000000000000000000000000000000000000000000000000"",""nearZeroDigits"":50,""mode"":""both""}","sequential","sequential","100","0.12659999999959837","0.12659999999959837","0.8088999999999942","184","4","4","21","30","14","369","1058","54099968","62185472","4","4","21","30","14"
"both-tiny","{""name"":""tiny"",""numerator"":""1"",""denominator"":""100000000000000000000000000000000000000000000000000"",""nearZeroDigits"":50,""mode"":""both""}","sequential","sequential","300","0.5194999999994252","0.6460999999990236","2.268500000000131","384","12","12","66","92","40","769","2258","54099968","62185472","8","8","45","62","26"
"both-tiny","{""name"":""tiny"",""numerator"":""1"",""denominator"":""100000000000000000000000000000000000000000000000000"",""nearZeroDigits"":50,""mode"":""both""}","sequential","sequential","1000","5.601399999999558","6.247499999998581","22.34770000000026","1086","34","34","179","266","108","2173","6470","54099968","62185472","22","22","113","174","68"
"both-tiny","{""name"":""tiny"",""numerator"":""1"",""denominator"":""100000000000000000000000000000000000000000000000000"",""nearZeroDigits"":50,""mode"":""both""}","sequential","direct","1000","5.791000000000167","5.791000000000167","21.97699999999986","1086","22","22","113","174","68","2173","6470","53968896","62185472","22","22","113","174","68"
"both-tiny","{""name"":""tiny"",""numerator"":""1"",""denominator"":""100000000000000000000000000000000000000000000000000"",""nearZeroDigits"":50,""mode"":""both""}","rectangular","sequential","100","0.2172999999993408","0.2172999999993408","2.402100000000246","189","32","2","41","76","90","378","1087","54030336","62185472","32","2","41","76","90"
"both-tiny","{""name"":""tiny"",""numerator"":""1"",""denominator"":""100000000000000000000000000000000000000000000000000"",""nearZeroDigits"":50,""mode"":""both""}","rectangular","sequential","300","1.6406999999999243","1.8579999999992651","2.322400000000016","391","64","4","124","172","183","782","2299","54030336","62185472","32","2","83","96","93"
"both-tiny","{""name"":""tiny"",""numerator"":""1"",""denominator"":""100000000000000000000000000000000000000000000000000"",""nearZeroDigits"":50,""mode"":""both""}","rectangular","sequential","1000","7.844699999999648","9.702699999998913","27.305499999999483","1098","96","6","235","324","283","2196","6541","54030336","62185472","32","2","111","152","100"
"both-tiny","{""name"":""tiny"",""numerator"":""1"",""denominator"":""100000000000000000000000000000000000000000000000000"",""nearZeroDigits"":50,""mode"":""both""}","rectangular","direct","1000","8.431800000000294","8.431800000000294","22.068900000000212","1098","32","2","111","152","100","2196","6541","54075392","62185472","32","2","111","152","100"
"both-tiny","{""name"":""tiny"",""numerator"":""1"",""denominator"":""100000000000000000000000000000000000000000000000000"",""nearZeroDigits"":50,""mode"":""both""}","binary","sequential","100","0.32330000000001746","0.32330000000001746","0.8204999999998108","189","32","2","69","76","180","423","1132","54083584","62185472","32","2","69","76","180"
"both-tiny","{""name"":""tiny"",""numerator"":""1"",""denominator"":""100000000000000000000000000000000000000000000000000"",""nearZeroDigits"":50,""mode"":""both""}","binary","sequential","300","0.9301000000004933","1.2534000000005108","2.291500000000269","391","64","4","192","164","363","782","2299","54087680","62185472","32","2","123","88","183"
"both-tiny","{""name"":""tiny"",""numerator"":""1"",""denominator"":""100000000000000000000000000000000000000000000000000"",""nearZeroDigits"":50,""mode"":""both""}","binary","sequential","1000","12.297499999999673","13.550900000000183","21.73360000000048","1098","96","6","387","280","553","2196","6541","54091776","62185472","32","2","195","116","190"
"both-tiny","{""name"":""tiny"",""numerator"":""1"",""denominator"":""100000000000000000000000000000000000000000000000000"",""nearZeroDigits"":50,""mode"":""both""}","binary","direct","1000","9.178799999999683","9.178799999999683","21.163400000000365","1098","32","2","195","116","190","2196","6541","54124544","62185472","32","2","195","116","190"
"both-tiny","{""name"":""tiny"",""numerator"":""1"",""denominator"":""100000000000000000000000000000000000000000000000000"",""nearZeroDigits"":50,""mode"":""both""}","router","sequential","100","0.21770000000014988","0.21770000000014988","0.7999999999992724","189","32","2","41","76","90","378","1087","54140928","62185472","32","2","41","76","90"
"both-tiny","{""name"":""tiny"",""numerator"":""1"",""denominator"":""100000000000000000000000000000000000000000000000000"",""nearZeroDigits"":50,""mode"":""both""}","router","sequential","300","0.8163000000004104","1.0340000000005602","2.280300000000352","391","64","4","124","172","183","782","2299","54140928","62185472","32","2","83","96","93"
"both-tiny","{""name"":""tiny"",""numerator"":""1"",""denominator"":""100000000000000000000000000000000000000000000000000"",""nearZeroDigits"":50,""mode"":""both""}","router","sequential","1000","9.099999999999454","10.134000000000015","20.647100000000137","1098","96","6","235","324","283","2196","6541","54153216","62185472","32","2","111","152","100"
"both-tiny","{""name"":""tiny"",""numerator"":""1"",""denominator"":""100000000000000000000000000000000000000000000000000"",""nearZeroDigits"":50,""mode"":""both""}","router","direct","1000","10.397200000000339","10.397200000000339","21.825700000000325","1098","32","2","111","152","100","2196","6541","54157312","62185472","32","2","111","152","100"
"both-tiny","{""name"":""tiny"",""numerator"":""1"",""denominator"":""100000000000000000000000000000000000000000000000000"",""nearZeroDigits"":50,""mode"":""both""}","rectangular:0","sequential","100","0.11819999999988795","0.11819999999988795","0.805899999999383","184","32","2","13","48","83","368","1057","54165504","62185472","32","2","13","48","83"
"both-tiny","{""name"":""tiny"",""numerator"":""1"",""denominator"":""100000000000000000000000000000000000000000000000000"",""nearZeroDigits"":50,""mode"":""both""}","rectangular:0","sequential","300","0.43729999999959546","0.5554999999994834","2.2960999999995693","384","64","4","56","104","166","768","2257","54169600","62185472","32","2","43","56","83"
"both-tiny","{""name"":""tiny"",""numerator"":""1"",""denominator"":""100000000000000000000000000000000000000000000000000"",""nearZeroDigits"":50,""mode"":""both""}","rectangular:0","sequential","1000","4.943400000000111","5.498899999999594","20.222099999999955","1086","96","6","99","188","249","2172","6469","54169600","62185472","32","2","43","84","83"
"both-tiny","{""name"":""tiny"",""numerator"":""1"",""denominator"":""100000000000000000000000000000000000000000000000000"",""nearZeroDigits"":50,""mode"":""both""}","rectangular:0","direct","1000","3.436700000000201","3.436700000000201","22.876999999999498","1086","32","2","43","84","83","2172","6469","54173696","62185472","32","2","43","84","83"
"both-tiny","{""name"":""tiny"",""numerator"":""1"",""denominator"":""100000000000000000000000000000000000000000000000000"",""nearZeroDigits"":50,""mode"":""both""}","binary:0","sequential","100","0.3140000000003056","0.3140000000003056","0.8567999999995664","184","32","2","41","48","173","418","1107","54181888","62185472","32","2","41","48","173"
"both-tiny","{""name"":""tiny"",""numerator"":""1"",""denominator"":""100000000000000000000000000000000000000000000000000"",""nearZeroDigits"":50,""mode"":""both""}","binary:0","sequential","300","0.559400000000096","0.8734000000004016","2.3541999999997643","384","64","4","124","96","346","768","2257","54185984","62185472","32","2","83","48","173"
"both-tiny","{""name"":""tiny"",""numerator"":""1"",""denominator"":""100000000000000000000000000000000000000000000000000"",""nearZeroDigits"":50,""mode"":""both""}","binary:0","sequential","1000","3.653700000000754","4.527100000001155","21.462000000000444","1086","96","6","255","144","519","2172","6469","54190080","62185472","32","2","131","48","173"
"both-tiny","{""name"":""tiny"",""numerator"":""1"",""denominator"":""100000000000000000000000000000000000000000000000000"",""nearZeroDigits"":50,""mode"":""both""}","binary:0","direct","1000","5.079600000000028","5.079600000000028","19.716199999999844","1086","32","2","131","48","173","2172","6469","54194176","62185472","32","2","131","48","173"
"both-tiny","{""name"":""tiny"",""numerator"":""1"",""denominator"":""100000000000000000000000000000000000000000000000000"",""nearZeroDigits"":50,""mode"":""both""}","binary:8","sequential","100","0.346400000000358","0.346400000000358","0.8043000000006941","190","32","2","73","80","181","424","1137","54214656","62185472","32","2","73","80","181"
"both-tiny","{""name"":""tiny"",""numerator"":""1"",""denominator"":""100000000000000000000000000000000000000000000000000"",""nearZeroDigits"":50,""mode"":""both""}","binary:8","sequential","300","0.9273999999995794","1.2737999999999374","2.2653000000000247","390","64","4","188","160","362","780","2293","54218752","62185472","32","2","115","80","181"
"both-tiny","{""name"":""tiny"",""numerator"":""1"",""denominator"":""100000000000000000000000000000000000000000000000000"",""nearZeroDigits"":50,""mode"":""both""}","binary:8","sequential","1000","8.113099999999577","9.386899999999514","20.60440000000017","1092","96","6","347","240","543","2184","6505","54222848","62185472","32","2","159","80","181"
"both-tiny","{""name"":""tiny"",""numerator"":""1"",""denominator"":""100000000000000000000000000000000000000000000000000"",""nearZeroDigits"":50,""mode"":""both""}","binary:8","direct","1000","7.590700000000652","7.590700000000652","24.159300000000258","1092","32","2","159","80","181","2184","6505","54239232","62185472","32","2","159","80","181"
"both-tiny","{""name"":""tiny"",""numerator"":""1"",""denominator"":""100000000000000000000000000000000000000000000000000"",""nearZeroDigits"":50,""mode"":""both""}","bit-burst","sequential","100","1.6073999999998705","1.6073999999998705","0.8046999999996842","184","224","14",,,"1226",,,"54272000","62185472","224","14",,,"1226"
"both-tiny","{""name"":""tiny"",""numerator"":""1"",""denominator"":""100000000000000000000000000000000000000000000000000"",""nearZeroDigits"":50,""mode"":""both""}","bit-burst","sequential","300","2.9966999999996915","4.604099999999562","2.468499999999949","384","480","30",,,"2627",,,"54292480","62185472","256","16",,,"1401"
"both-tiny","{""name"":""tiny"",""numerator"":""1"",""denominator"":""100000000000000000000000000000000000000000000000000"",""nearZeroDigits"":50,""mode"":""both""}","bit-burst","sequential","1000","21.80450000000019","26.40859999999975","21.968299999999545","1086","800","50",,,"4378",,,"54325248","62185472","320","20",,,"1751"
"both-tiny","{""name"":""tiny"",""numerator"":""1"",""denominator"":""100000000000000000000000000000000000000000000000000"",""nearZeroDigits"":50,""mode"":""both""}","bit-burst","direct","1000","21.507799999999406","21.507799999999406","19.49879999999939","1086","320","20",,,"1751",,,"54431744","62185472","320","20",,,"1751"
